[
    {
        "id": 456,
        "name": "T-Shirt with Next Stop Nowhere Print",
        "slug": "t-shirt-with-next-stop-nowhere-print",
        "permalink": "https:\/\/mstore.io\/product\/t-shirt-with-next-stop-nowhere-print\/",
        "date_created": "2015-08-13T22:58:54",
        "date_created_gmt": "2015-08-13T15:58:54",
        "date_modified": "2020-02-18T15:03:46",
        "date_modified_gmt": "2020-02-18T08:03:46",
        "type": "simple",
        "status": "publish",
        "featured": false,
        "catalog_visibility": "visible",
        "description": "<ul>\n<li>Soft-touch jersey<\/li>\n<li>Crew neck<\/li>\n<li>Chest print<\/li>\n<li>Regular fit - true to size<\/li>\n<li>Machine wash<\/li>\n<li>60% Cotton, 40% Polyester<\/li>\n<\/ul>\n",
        "short_description": "",
        "sku": "",
        "price": "",
        "regular_price": "",
        "sale_price": "",
        "date_on_sale_from": null,
        "date_on_sale_from_gmt": null,
        "date_on_sale_to": null,
        "date_on_sale_to_gmt": null,
        "price_html": "",
        "on_sale": false,
        "purchasable": false,
        "total_sales": 498,
        "virtual": false,
        "downloadable": true,
        "downloads": [
            {
                "id": "581bba80-2b41-46d7-93ec-bcf56f715dce",
                "name": "inspireui",
                "file": "https:\/\/trello-attachments.s3.amazonaws.com\/5ce20375597e1a0e62ad95ad\/750x1334\/fcd36b06e87c727604efa6a17b8b74fa\/image.png"
            }
        ],
        "download_limit": -1,
        "download_expiry": -1,
        "external_url": "",
        "button_text": "",
        "tax_status": "taxable",
        "tax_class": "",
        "manage_stock": true,
        "stock_quantity": 99999514,
        "in_stock": true,
        "backorders": "yes",
        "backorders_allowed": true,
        "backordered": false,
        "sold_individually": false,
        "weight": "",
        "dimensions": {
            "length": "",
            "width": "",
            "height": ""
        },
        "shipping_required": true,
        "shipping_taxable": true,
        "shipping_class": "",
        "shipping_class_id": 0,
        "reviews_allowed": true,
        "average_rating": "3.00",
        "rating_count": 2,
        "related_ids": [
            312,
            254,
            308,
            246,
            333
        ],
        "upsell_ids": [],
        "cross_sell_ids": [],
        "parent_id": 0,
        "purchase_note": "",
        "categories": [],
        "tags": [],
        "images": [
            {
                "id": 457,
                "date_created": "2015-08-13T22:57:57",
                "date_created_gmt": "2015-08-13T15:57:57",
                "date_modified": "2015-08-13T22:57:57",
                "date_modified_gmt": "2015-08-13T15:57:57",
                "src": "https:\/\/mstore.io\/wp-content\/uploads\/2015\/08\/image1xxl-95.jpg",
                "name": "image1xxl (9)",
                "alt": "",
                "position": 0
            },
            {
                "id": 459,
                "date_created": "2015-08-13T22:58:02",
                "date_created_gmt": "2015-08-13T15:58:02",
                "date_modified": "2015-08-13T22:58:02",
                "date_modified_gmt": "2015-08-13T15:58:02",
                "src": "https:\/\/mstore.io\/wp-content\/uploads\/2015\/08\/image4xxl-94.jpg",
                "name": "image4xxl (9)",
                "alt": "",
                "position": 1
            },
            {
                "id": 458,
                "date_created": "2015-08-13T22:57:59",
                "date_created_gmt": "2015-08-13T15:57:59",
                "date_modified": "2015-08-13T22:57:59",
                "date_modified_gmt": "2015-08-13T15:57:59",
                "src": "https:\/\/mstore.io\/wp-content\/uploads\/2015\/08\/image2xxl-95.jpg",
                "name": "image2xxl (9)",
                "alt": "",
                "position": 2
            }
        ],
        "attributes": [
            {
                "id": 1,
                "name": "size",
                "position": 0,
                "visible": true,
                "variation": true,
                "options": [
                    "L",
                    "M",
                    "S",
                    "XL"
                ]
            },
            {
                "id": 5,
                "name": "Height",
                "position": 2,
                "visible": true,
                "variation": true,
                "options": []
            }
        ],
        "default_attributes": [],
        "variations": [],
        "grouped_products": [],
        "menu_order": 0,
        "meta_data": [
            {
                "id": 4600,
                "key": "_vc_post_settings",
                "value": {
                    "vc_grid_id": []
                }
            },
            {
                "id": 4605,
                "key": "_vc_post_settings",
                "value": {
                    "vc_grid_id": []
                }
            },
            {
                "id": 4630,
                "key": "slide_template",
                "value": "default"
            },
            {
                "id": 4631,
                "key": "sbg_selected_sidebar_replacement",
                "value": "0"
            },
            {
                "id": 34719,
                "key": "_vc_post_settings",
                "value": {
                    "vc_grid_id": []
                }
            },
            {
                "id": 34724,
                "key": "_vc_post_settings",
                "value": {
                    "vc_grid_id": []
                }
            },
            {
                "id": 34749,
                "key": "slide_template",
                "value": "default"
            },
            {
                "id": 34750,
                "key": "sbg_selected_sidebar_replacement",
                "value": "0"
            },
            {
                "id": 39990,
                "key": "_vc_post_settings",
                "value": {
                    "vc_grid_id": []
                }
            },
            {
                "id": 39995,
                "key": "_vc_post_settings",
                "value": {
                    "vc_grid_id": []
                }
            },
            {
                "id": 40020,
                "key": "slide_template",
                "value": "default"
            },
            {
                "id": 40021,
                "key": "sbg_selected_sidebar_replacement",
                "value": "0"
            },
            {
                "id": 51273,
                "key": "onesignal_meta_box_present",
                "value": "1"
            },
            {
                "id": 51274,
                "key": "onesignal_send_notification",
                "value": ""
            },
            {
                "id": 130648,
                "key": "algolia_searchable_posts_records_count",
                "value": "1"
            },
            {
                "id": 173693,
                "key": "_wpml_media_duplicate",
                "value": "1"
            },
            {
                "id": 173694,
                "key": "_wpml_media_featured",
                "value": "1"
            },
            {
                "id": 308620,
                "key": "_woofv_video_embed",
                "value": {
                    "url": "https:\/\/www.youtube.com\/watch?v=sYnHhnS5WnQ"
                }
            },
            {
                "id": 308621,
                "key": "_wcml_custom_costs_status",
                "value": "0"
            },
            {
                "id": 308838,
                "key": "_wc_max_points_earned",
                "value": ""
            },
            {
                "id": 308839,
                "key": "_wc_min_points_earned",
                "value": ""
            },
            {
                "id": 310317,
                "key": "_wcml_custom_prices_status",
                "value": "0"
            },
            {
                "id": 317124,
                "key": "_oembed_72468eef066f33a585695f67628b4fc8",
                "value": "<iframe title=\"Fluxstore Features Walkthrough (Flutter E-Commerce App In 10 Minutes, Ep. 02)\" width=\"1186\" height=\"667\" src=\"https:\/\/www.youtube.com\/embed\/sYnHhnS5WnQ?feature=oembed\" frameborder=\"0\" allow=\"accelerometer; autoplay; encrypted-media; gyroscope; picture-in-picture\" allowfullscreen><\/iframe>"
            },
            {
                "id": 317125,
                "key": "_oembed_time_72468eef066f33a585695f67628b4fc8",
                "value": "1574926241"
            }
        ],
        "better_featured_image": null,
        "_links": {
            "self": [
                {
                    "href": "https:\/\/mstore.io\/wp-json\/wc\/v2\/products\/456"
                }
            ],
            "collection": [
                {
                    "href": "https:\/\/mstore.io\/wp-json\/wc\/v2\/products"
                }
            ]
        }
    },
    {
        "id": 440,
        "name": "Hoodie in Jersey",
        "slug": "hoodie-in-jersey",
        "permalink": "https:\/\/mstore.io\/product\/hoodie-in-jersey\/",
        "date_created": "2015-08-13T22:54:08",
        "date_created_gmt": "2015-08-13T15:54:08",
        "date_modified": "2020-02-13T22:26:02",
        "date_modified_gmt": "2020-02-13T15:26:02",
        "type": "variable",
        "status": "publish",
        "featured": false,
        "catalog_visibility": "visible",
        "description": "<ul>\n<li>Soft-touch jersey<\/li>\n<li>Drawstring hood<\/li>\n<li>Pouch pocket<\/li>\n<li>Fitted trims<\/li>\n<li>Regular fit - true to size<\/li>\n<li>Machine wash<\/li>\n<li>60% Cotton, 40% Polyester<\/li>\n<\/ul>\n",
        "short_description": "",
        "sku": "",
        "price": "1",
        "regular_price": "",
        "sale_price": "",
        "date_on_sale_from": null,
        "date_on_sale_from_gmt": null,
        "date_on_sale_to": null,
        "date_on_sale_to_gmt": null,
        "price_html": "",
        "on_sale": false,
        "purchasable": true,
        "total_sales": 262,
        "virtual": false,
        "downloadable": false,
        "downloads": [],
        "download_limit": -1,
        "download_expiry": -1,
        "external_url": "",
        "button_text": "",
        "tax_status": "taxable",
        "tax_class": "",
        "manage_stock": true,
        "stock_quantity": 999999742,
        "in_stock": false,
        "backorders": "yes",
        "backorders_allowed": true,
        "backordered": false,
        "sold_individually": false,
        "weight": "",
        "dimensions": {
            "length": "",
            "width": "",
            "height": ""
        },
        "shipping_required": true,
        "shipping_taxable": true,
        "shipping_class": "",
        "shipping_class_id": 0,
        "reviews_allowed": true,
        "average_rating": "0.00",
        "rating_count": 0,
        "related_ids": [
            238,
            262,
            287,
            291,
            242
        ],
        "upsell_ids": [],
        "cross_sell_ids": [],
        "parent_id": 0,
        "purchase_note": "",
        "categories": [],
        "tags": [],
        "images": [
            {
                "id": 441,
                "date_created": "2015-08-13T22:53:56",
                "date_created_gmt": "2015-08-13T15:53:56",
                "date_modified": "2015-08-13T22:53:56",
                "date_modified_gmt": "2015-08-13T15:53:56",
                "src": "https:\/\/mstore.io\/wp-content\/uploads\/2015\/08\/image1xxl-56.jpg",
                "name": "image1xxl (5)",
                "alt": "",
                "position": 0
            },
            {
                "id": 443,
                "date_created": "2015-08-13T22:54:01",
                "date_created_gmt": "2015-08-13T15:54:01",
                "date_modified": "2015-08-13T22:54:01",
                "date_modified_gmt": "2015-08-13T15:54:01",
                "src": "https:\/\/mstore.io\/wp-content\/uploads\/2015\/08\/image4xxl-55.jpg",
                "name": "image4xxl (5)",
                "alt": "",
                "position": 1
            },
            {
                "id": 442,
                "date_created": "2015-08-13T22:53:58",
                "date_created_gmt": "2015-08-13T15:53:58",
                "date_modified": "2015-08-13T22:53:58",
                "date_modified_gmt": "2015-08-13T15:53:58",
                "src": "https:\/\/mstore.io\/wp-content\/uploads\/2015\/08\/image2xxl-57.jpg",
                "name": "image2xxl (5)",
                "alt": "",
                "position": 2
            }
        ],
        "attributes": [
            {
                "id": 2,
                "name": "color",
                "position": 0,
                "visible": true,
                "variation": true,
                "options": [
                    "Blue",
                    "Green",
                    "Red",
                    "Yellow"
                ]
            },
            {
                "id": 1,
                "name": "size",
                "position": 1,
                "visible": true,
                "variation": true,
                "options": [
                    "L",
                    "M",
                    "S",
                    "XL"
                ]
            }
        ],
        "default_attributes": [],
        "variations": [],
        "grouped_products": [],
        "menu_order": 0,
        "meta_data": [
            {
                "id": 4472,
                "key": "_vc_post_settings",
                "value": {
                    "vc_grid_id": []
                }
            },
            {
                "id": 4477,
                "key": "_vc_post_settings",
                "value": {
                    "vc_grid_id": []
                }
            },
            {
                "id": 4502,
                "key": "slide_template",
                "value": "default"
            },
            {
                "id": 4503,
                "key": "sbg_selected_sidebar_replacement",
                "value": "0"
            },
            {
                "id": 34574,
                "key": "_vc_post_settings",
                "value": {
                    "vc_grid_id": []
                }
            },
            {
                "id": 34579,
                "key": "_vc_post_settings",
                "value": {
                    "vc_grid_id": []
                }
            },
            {
                "id": 34604,
                "key": "slide_template",
                "value": "default"
            },
            {
                "id": 34605,
                "key": "sbg_selected_sidebar_replacement",
                "value": "0"
            },
            {
                "id": 39845,
                "key": "_vc_post_settings",
                "value": {
                    "vc_grid_id": []
                }
            },
            {
                "id": 39850,
                "key": "_vc_post_settings",
                "value": {
                    "vc_grid_id": []
                }
            },
            {
                "id": 39875,
                "key": "slide_template",
                "value": "default"
            },
            {
                "id": 39876,
                "key": "sbg_selected_sidebar_replacement",
                "value": "0"
            },
            {
                "id": 51287,
                "key": "onesignal_meta_box_present",
                "value": "1"
            },
            {
                "id": 51288,
                "key": "onesignal_send_notification",
                "value": ""
            },
            {
                "id": 130650,
                "key": "algolia_searchable_posts_records_count",
                "value": "1"
            },
            {
                "id": 173522,
                "key": "_wpml_media_duplicate",
                "value": "1"
            },
            {
                "id": 173523,
                "key": "_wpml_media_featured",
                "value": "1"
            },
            {
                "id": 271590,
                "key": "_woofv_video_embed",
                "value": {
                    "url": ""
                }
            },
            {
                "id": 271609,
                "key": "_wc_max_points_earned",
                "value": ""
            },
            {
                "id": 271610,
                "key": "_wc_min_points_earned",
                "value": ""
            }
        ],
        "better_featured_image": null,
        "_links": {
            "self": [
                {
                    "href": "https:\/\/mstore.io\/wp-json\/wc\/v2\/products\/440"
                }
            ],
            "collection": [
                {
                    "href": "https:\/\/mstore.io\/wp-json\/wc\/v2\/products"
                }
            ]
        }
    },
    {
        "id": 436,
        "name": "3\/4 Length Sleeve T-Shirt",
        "slug": "34-length-sleeve-t-shirt",
        "permalink": "https:\/\/mstore.io\/product\/34-length-sleeve-t-shirt\/",
        "date_created": "2015-08-13T22:53:21",
        "date_created_gmt": "2015-08-13T15:53:21",
        "date_modified": "2017-06-11T21:43:47",
        "date_modified_gmt": "2017-06-11T14:43:47",
        "type": "simple",
        "status": "publish",
        "featured": false,
        "catalog_visibility": "visible",
        "description": "<ul>\n<li>Soft-touch jersey<\/li>\n<li>Crew neck<\/li>\n<li>Printed sleeves<\/li>\n<li>Embroidered logo<\/li>\n<li>Regular fit - true to size<\/li>\n<li>Machine wash<\/li>\n<li>100% Cotton<\/li>\n<\/ul>\n",
        "short_description": "",
        "sku": "",
        "price": "40",
        "regular_price": "40",
        "sale_price": "",
        "date_on_sale_from": null,
        "date_on_sale_from_gmt": null,
        "date_on_sale_to": null,
        "date_on_sale_to_gmt": null,
        "price_html": "<span class=\"woocommerce-Price-amount amount\"><span class=\"woocommerce-Price-currencySymbol\">&#36;<\/span>40.00<\/span>",
        "on_sale": false,
        "purchasable": true,
        "total_sales": 120,
        "virtual": false,
        "downloadable": false,
        "downloads": [],
        "download_limit": -1,
        "download_expiry": -1,
        "external_url": "",
        "button_text": "",
        "tax_status": "taxable",
        "tax_class": "",
        "manage_stock": false,
        "stock_quantity": null,
        "in_stock": true,
        "backorders": "no",
        "backorders_allowed": false,
        "backordered": false,
        "sold_individually": false,
        "weight": "",
        "dimensions": {
            "length": "",
            "width": "",
            "height": ""
        },
        "shipping_required": true,
        "shipping_taxable": true,
        "shipping_class": "",
        "shipping_class_id": 0,
        "reviews_allowed": true,
        "average_rating": "4.80",
        "rating_count": 5,
        "related_ids": [],
        "upsell_ids": [],
        "cross_sell_ids": [],
        "parent_id": 0,
        "purchase_note": "",
        "categories": [],
        "tags": [],
        "images": [
            {
                "id": 437,
                "date_created": "2015-08-13T22:53:04",
                "date_created_gmt": "2015-08-13T15:53:04",
                "date_modified": "2015-08-13T22:53:04",
                "date_modified_gmt": "2015-08-13T15:53:04",
                "src": "https:\/\/mstore.io\/wp-content\/uploads\/2015\/08\/image1xxl-47.jpg",
                "name": "image1xxl (4)",
                "alt": "",
                "position": 0
            },
            {
                "id": 439,
                "date_created": "2015-08-13T22:53:09",
                "date_created_gmt": "2015-08-13T15:53:09",
                "date_modified": "2015-08-13T22:53:09",
                "date_modified_gmt": "2015-08-13T15:53:09",
                "src": "https:\/\/mstore.io\/wp-content\/uploads\/2015\/08\/image4xxl-44.jpg",
                "name": "image4xxl (4)",
                "alt": "",
                "position": 1
            },
            {
                "id": 438,
                "date_created": "2015-08-13T22:53:07",
                "date_created_gmt": "2015-08-13T15:53:07",
                "date_modified": "2015-08-13T22:53:07",
                "date_modified_gmt": "2015-08-13T15:53:07",
                "src": "https:\/\/mstore.io\/wp-content\/uploads\/2015\/08\/image2xxl-47.jpg",
                "name": "image2xxl (4)",
                "alt": "",
                "position": 2
            }
        ],
        "attributes": [],
        "default_attributes": [],
        "variations": [],
        "grouped_products": [],
        "menu_order": 0,
        "meta_data": [
            {
                "id": 4440,
                "key": "_vc_post_settings",
                "value": {
                    "vc_grid_id": []
                }
            },
            {
                "id": 4445,
                "key": "_vc_post_settings",
                "value": {
                    "vc_grid_id": []
                }
            },
            {
                "id": 4470,
                "key": "slide_template",
                "value": "default"
            },
            {
                "id": 4471,
                "key": "sbg_selected_sidebar_replacement",
                "value": "0"
            },
            {
                "id": 34539,
                "key": "_vc_post_settings",
                "value": {
                    "vc_grid_id": []
                }
            },
            {
                "id": 34544,
                "key": "_vc_post_settings",
                "value": {
                    "vc_grid": [],
                    "vc_grid_id": []
                }
            },
            {
                "id": 34569,
                "key": "slide_template",
                "value": "default"
            },
            {
                "id": 34570,
                "key": "sbg_selected_sidebar_replacement",
                "value": "0"
            },
            {
                "id": 39810,
                "key": "_vc_post_settings",
                "value": {
                    "vc_grid_id": []
                }
            },
            {
                "id": 39815,
                "key": "_vc_post_settings",
                "value": {
                    "vc_grid": [],
                    "vc_grid_id": []
                }
            },
            {
                "id": 39840,
                "key": "slide_template",
                "value": "default"
            },
            {
                "id": 39841,
                "key": "sbg_selected_sidebar_replacement",
                "value": "0"
            },
            {
                "id": 173355,
                "key": "_wpml_media_duplicate",
                "value": "1"
            },
            {
                "id": 173356,
                "key": "_wpml_media_featured",
                "value": "1"
            }
        ],
        "better_featured_image": null,
        "_links": {
            "self": [
                {
                    "href": "https:\/\/mstore.io\/wp-json\/wc\/v2\/products\/436"
                }
            ],
            "collection": [
                {
                    "href": "https:\/\/mstore.io\/wp-json\/wc\/v2\/products"
                }
            ]
        }
    },
    {
        "id": 431,
        "name": "Long Sleeve T-Shirt With V Neck In Grey Marl",
        "slug": "long-sleeve-t-shirt-with-v-neck-in-grey-marl",
        "permalink": "https:\/\/mstore.io\/product\/long-sleeve-t-shirt-with-v-neck-in-grey-marl\/",
        "date_created": "2015-08-13T22:52:09",
        "date_created_gmt": "2015-08-13T15:52:09",
        "date_modified": "2017-06-11T21:43:47",
        "date_modified_gmt": "2017-06-11T14:43:47",
        "type": "simple",
        "status": "publish",
        "featured": false,
        "catalog_visibility": "visible",
        "description": "<ul>\n<li>Soft-touch, marl jersey<\/li>\n<li>V-neck<\/li>\n<li>Regular fit - true to size<\/li>\n<li>Machine wash<\/li>\n<li>100% Cotton<\/li>\n<\/ul>\n<p>&nbsp;<\/p>\n",
        "short_description": "",
        "sku": "",
        "price": "18",
        "regular_price": "18",
        "sale_price": "",
        "date_on_sale_from": null,
        "date_on_sale_from_gmt": null,
        "date_on_sale_to": null,
        "date_on_sale_to_gmt": null,
        "price_html": "<span class=\"woocommerce-Price-amount amount\"><span class=\"woocommerce-Price-currencySymbol\">&#36;<\/span>18.00<\/span>",
        "on_sale": false,
        "purchasable": true,
        "total_sales": 75,
        "virtual": false,
        "downloadable": false,
        "downloads": [],
        "download_limit": -1,
        "download_expiry": -1,
        "external_url": "",
        "button_text": "",
        "tax_status": "taxable",
        "tax_class": "",
        "manage_stock": false,
        "stock_quantity": null,
        "in_stock": true,
        "backorders": "no",
        "backorders_allowed": false,
        "backordered": false,
        "sold_individually": false,
        "weight": "",
        "dimensions": {
            "length": "",
            "width": "",
            "height": ""
        },
        "shipping_required": true,
        "shipping_taxable": true,
        "shipping_class": "",
        "shipping_class_id": 0,
        "reviews_allowed": true,
        "average_rating": "0.00",
        "rating_count": 0,
        "related_ids": [
            333,
            250,
            316,
            238,
            254
        ],
        "upsell_ids": [],
        "cross_sell_ids": [],
        "parent_id": 0,
        "purchase_note": "",
        "categories": [],
        "tags": [],
        "images": [
            {
                "id": 432,
                "date_created": "2015-08-13T22:51:43",
                "date_created_gmt": "2015-08-13T15:51:43",
                "date_modified": "2015-08-13T22:51:43",
                "date_modified_gmt": "2015-08-13T15:51:43",
                "src": "https:\/\/mstore.io\/wp-content\/uploads\/2015\/08\/image1xxl-37.jpg",
                "name": "image1xxl (3)",
                "alt": "",
                "position": 0
            },
            {
                "id": 434,
                "date_created": "2015-08-13T22:51:48",
                "date_created_gmt": "2015-08-13T15:51:48",
                "date_modified": "2015-08-13T22:51:48",
                "date_modified_gmt": "2015-08-13T15:51:48",
                "src": "https:\/\/mstore.io\/wp-content\/uploads\/2015\/08\/image4xxl-33.jpg",
                "name": "image4xxl (3)",
                "alt": "",
                "position": 1
            },
            {
                "id": 433,
                "date_created": "2015-08-13T22:51:46",
                "date_created_gmt": "2015-08-13T15:51:46",
                "date_modified": "2015-08-13T22:51:46",
                "date_modified_gmt": "2015-08-13T15:51:46",
                "src": "https:\/\/mstore.io\/wp-content\/uploads\/2015\/08\/image2xxl-37.jpg",
                "name": "image2xxl (3)",
                "alt": "",
                "position": 2
            }
        ],
        "attributes": [],
        "default_attributes": [],
        "variations": [],
        "grouped_products": [],
        "menu_order": 0,
        "meta_data": [
            {
                "id": 4408,
                "key": "_vc_post_settings",
                "value": {
                    "vc_grid_id": []
                }
            },
            {
                "id": 4413,
                "key": "_vc_post_settings",
                "value": {
                    "vc_grid_id": []
                }
            },
            {
                "id": 4438,
                "key": "slide_template",
                "value": "default"
            },
            {
                "id": 4439,
                "key": "sbg_selected_sidebar_replacement",
                "value": "0"
            },
            {
                "id": 34504,
                "key": "_vc_post_settings",
                "value": {
                    "vc_grid_id": []
                }
            },
            {
                "id": 34509,
                "key": "_vc_post_settings",
                "value": {
                    "vc_grid": [],
                    "vc_grid_id": []
                }
            },
            {
                "id": 34534,
                "key": "slide_template",
                "value": "default"
            },
            {
                "id": 34535,
                "key": "sbg_selected_sidebar_replacement",
                "value": "0"
            },
            {
                "id": 39775,
                "key": "_vc_post_settings",
                "value": {
                    "vc_grid_id": []
                }
            },
            {
                "id": 39780,
                "key": "_vc_post_settings",
                "value": {
                    "vc_grid": [],
                    "vc_grid_id": []
                }
            },
            {
                "id": 39805,
                "key": "slide_template",
                "value": "default"
            },
            {
                "id": 39806,
                "key": "sbg_selected_sidebar_replacement",
                "value": "0"
            },
            {
                "id": 173275,
                "key": "_wpml_media_duplicate",
                "value": "1"
            },
            {
                "id": 173276,
                "key": "_wpml_media_featured",
                "value": "1"
            }
        ],
        "better_featured_image": null,
        "_links": {
            "self": [
                {
                    "href": "https:\/\/mstore.io\/wp-json\/wc\/v2\/products\/431"
                }
            ],
            "collection": [
                {
                    "href": "https:\/\/mstore.io\/wp-json\/wc\/v2\/products"
                }
            ]
        }
    },
    {
        "id": 427,
        "name": "Muscle Fit Long Sleeve T-Shirt With Burn Out Rib Jersey",
        "slug": "muscle-fit-long-sleeve-t-shirt-with-burn-out-rib-jersey",
        "permalink": "https:\/\/mstore.io\/product\/muscle-fit-long-sleeve-t-shirt-with-burn-out-rib-jersey\/",
        "date_created": "2015-08-13T22:50:57",
        "date_created_gmt": "2015-08-13T15:50:57",
        "date_modified": "2017-06-11T21:43:47",
        "date_modified_gmt": "2017-06-11T14:43:47",
        "type": "simple",
        "status": "publish",
        "featured": false,
        "catalog_visibility": "visible",
        "description": "<ul>\n<li>Ribbed jersey<\/li>\n<li>Scoop neck<\/li>\n<li>Longline cut<\/li>\n<li>Cut longer than standard length<\/li>\n<li>Machine wash<\/li>\n<li>Our model wears a size Medium and is 185.5cm\/6'1\" tall<\/li>\n<\/ul>\n",
        "short_description": "",
        "sku": "",
        "price": "30",
        "regular_price": "30",
        "sale_price": "",
        "date_on_sale_from": null,
        "date_on_sale_from_gmt": null,
        "date_on_sale_to": null,
        "date_on_sale_to_gmt": null,
        "price_html": "<span class=\"woocommerce-Price-amount amount\"><span class=\"woocommerce-Price-currencySymbol\">&#36;<\/span>30.00<\/span>",
        "on_sale": false,
        "purchasable": true,
        "total_sales": 61,
        "virtual": false,
        "downloadable": false,
        "downloads": [],
        "download_limit": -1,
        "download_expiry": -1,
        "external_url": "",
        "button_text": "",
        "tax_status": "taxable",
        "tax_class": "",
        "manage_stock": false,
        "stock_quantity": null,
        "in_stock": true,
        "backorders": "no",
        "backorders_allowed": false,
        "backordered": false,
        "sold_individually": false,
        "weight": "",
        "dimensions": {
            "length": "",
            "width": "",
            "height": ""
        },
        "shipping_required": true,
        "shipping_taxable": true,
        "shipping_class": "",
        "shipping_class_id": 0,
        "reviews_allowed": true,
        "average_rating": "0.00",
        "rating_count": 0,
        "related_ids": [
            308,
            234,
            329,
            312,
            266
        ],
        "upsell_ids": [],
        "cross_sell_ids": [],
        "parent_id": 0,
        "purchase_note": "",
        "categories": [],
        "tags": [],
        "images": [
            {
                "id": 428,
                "date_created": "2015-08-13T22:50:15",
                "date_created_gmt": "2015-08-13T15:50:15",
                "date_modified": "2015-08-13T22:50:15",
                "date_modified_gmt": "2015-08-13T15:50:15",
                "src": "https:\/\/mstore.io\/wp-content\/uploads\/2015\/08\/image1xxl-27.jpg",
                "name": "image1xxl (2)",
                "alt": "",
                "position": 0
            },
            {
                "id": 429,
                "date_created": "2015-08-13T22:50:17",
                "date_created_gmt": "2015-08-13T15:50:17",
                "date_modified": "2015-08-13T22:50:17",
                "date_modified_gmt": "2015-08-13T15:50:17",
                "src": "https:\/\/mstore.io\/wp-content\/uploads\/2015\/08\/image2xxl-27.jpg",
                "name": "image2xxl (2)",
                "alt": "",
                "position": 1
            },
            {
                "id": 430,
                "date_created": "2015-08-13T22:50:20",
                "date_created_gmt": "2015-08-13T15:50:20",
                "date_modified": "2015-08-13T22:50:20",
                "date_modified_gmt": "2015-08-13T15:50:20",
                "src": "https:\/\/mstore.io\/wp-content\/uploads\/2015\/08\/image4xxl-24.jpg",
                "name": "image4xxl (2)",
                "alt": "",
                "position": 2
            }
        ],
        "attributes": [],
        "default_attributes": [],
        "variations": [],
        "grouped_products": [],
        "menu_order": 0,
        "meta_data": [
            {
                "id": 4376,
                "key": "_vc_post_settings",
                "value": {
                    "vc_grid_id": []
                }
            },
            {
                "id": 4381,
                "key": "_vc_post_settings",
                "value": {
                    "vc_grid_id": []
                }
            },
            {
                "id": 4406,
                "key": "slide_template",
                "value": "default"
            },
            {
                "id": 4407,
                "key": "sbg_selected_sidebar_replacement",
                "value": "0"
            },
            {
                "id": 34469,
                "key": "_vc_post_settings",
                "value": {
                    "vc_grid_id": []
                }
            },
            {
                "id": 34474,
                "key": "_vc_post_settings",
                "value": {
                    "vc_grid": [],
                    "vc_grid_id": []
                }
            },
            {
                "id": 34499,
                "key": "slide_template",
                "value": "default"
            },
            {
                "id": 34500,
                "key": "sbg_selected_sidebar_replacement",
                "value": "0"
            },
            {
                "id": 39740,
                "key": "_vc_post_settings",
                "value": {
                    "vc_grid_id": []
                }
            },
            {
                "id": 39745,
                "key": "_vc_post_settings",
                "value": {
                    "vc_grid": [],
                    "vc_grid_id": []
                }
            },
            {
                "id": 39770,
                "key": "slide_template",
                "value": "default"
            },
            {
                "id": 39771,
                "key": "sbg_selected_sidebar_replacement",
                "value": "0"
            },
            {
                "id": 173195,
                "key": "_wpml_media_duplicate",
                "value": "1"
            },
            {
                "id": 173196,
                "key": "_wpml_media_featured",
                "value": "1"
            }
        ],
        "better_featured_image": null,
        "_links": {
            "self": [
                {
                    "href": "https:\/\/mstore.io\/wp-json\/wc\/v2\/products\/427"
                }
            ],
            "collection": [
                {
                    "href": "https:\/\/mstore.io\/wp-json\/wc\/v2\/products"
                }
            ]
        }
    },
    {
        "id": 419,
        "name": "Longline Sleeveless T-Shirt With Dropped Armhole And Print",
        "slug": "longline-sleeveless-t-shirt-with-dropped-armhole-and-print",
        "permalink": "https:\/\/mstore.io\/product\/longline-sleeveless-t-shirt-with-dropped-armhole-and-print\/",
        "date_created": "2015-08-13T22:47:07",
        "date_created_gmt": "2015-08-13T15:47:07",
        "date_modified": "2017-06-11T21:43:47",
        "date_modified_gmt": "2017-06-11T14:43:47",
        "type": "simple",
        "status": "publish",
        "featured": false,
        "catalog_visibility": "visible",
        "description": "<ul>\n<li>Soft-touch jersey<\/li>\n<li>Crew neck<\/li>\n<li>Printed front<\/li>\n<li>Raw sleeve seams<\/li>\n<li>Dropped armholes<\/li>\n<li>Longline cut<\/li>\n<li>Cut longer than standard length<\/li>\n<li>Machine wash<\/li>\n<li>100% Cotton<\/li>\n<\/ul>\n",
        "short_description": "",
        "sku": "",
        "price": "24",
        "regular_price": "24",
        "sale_price": "",
        "date_on_sale_from": null,
        "date_on_sale_from_gmt": null,
        "date_on_sale_to": null,
        "date_on_sale_to_gmt": null,
        "price_html": "<span class=\"woocommerce-Price-amount amount\"><span class=\"woocommerce-Price-currencySymbol\">&#36;<\/span>24.00<\/span>",
        "on_sale": false,
        "purchasable": true,
        "total_sales": 45,
        "virtual": false,
        "downloadable": false,
        "downloads": [],
        "download_limit": -1,
        "download_expiry": -1,
        "external_url": "",
        "button_text": "",
        "tax_status": "taxable",
        "tax_class": "",
        "manage_stock": false,
        "stock_quantity": null,
        "in_stock": true,
        "backorders": "no",
        "backorders_allowed": false,
        "backordered": false,
        "sold_individually": false,
        "weight": "",
        "dimensions": {
            "length": "",
            "width": "",
            "height": ""
        },
        "shipping_required": true,
        "shipping_taxable": true,
        "shipping_class": "",
        "shipping_class_id": 0,
        "reviews_allowed": true,
        "average_rating": "0.00",
        "rating_count": 0,
        "related_ids": [
            250,
            234,
            308,
            316,
            295
        ],
        "upsell_ids": [],
        "cross_sell_ids": [],
        "parent_id": 0,
        "purchase_note": "",
        "categories": [],
        "tags": [],
        "images": [
            {
                "id": 420,
                "date_created": "2015-08-13T22:46:51",
                "date_created_gmt": "2015-08-13T15:46:51",
                "date_modified": "2015-08-13T22:46:51",
                "date_modified_gmt": "2015-08-13T15:46:51",
                "src": "https:\/\/mstore.io\/wp-content\/uploads\/2015\/08\/image1xxl9.jpg",
                "name": "image1xxl",
                "alt": "",
                "position": 0
            },
            {
                "id": 422,
                "date_created": "2015-08-13T22:46:55",
                "date_created_gmt": "2015-08-13T15:46:55",
                "date_modified": "2015-08-13T22:46:55",
                "date_modified_gmt": "2015-08-13T15:46:55",
                "src": "https:\/\/mstore.io\/wp-content\/uploads\/2015\/08\/image4xxl4.jpg",
                "name": "image4xxl",
                "alt": "",
                "position": 1
            },
            {
                "id": 421,
                "date_created": "2015-08-13T22:46:53",
                "date_created_gmt": "2015-08-13T15:46:53",
                "date_modified": "2015-08-13T22:46:53",
                "date_modified_gmt": "2015-08-13T15:46:53",
                "src": "https:\/\/mstore.io\/wp-content\/uploads\/2015\/08\/image2xxl8.jpg",
                "name": "image2xxl",
                "alt": "",
                "position": 2
            }
        ],
        "attributes": [],
        "default_attributes": [],
        "variations": [],
        "grouped_products": [],
        "menu_order": 0,
        "meta_data": [
            {
                "id": 4312,
                "key": "_vc_post_settings",
                "value": {
                    "vc_grid_id": []
                }
            },
            {
                "id": 4317,
                "key": "_vc_post_settings",
                "value": {
                    "vc_grid_id": []
                }
            },
            {
                "id": 4342,
                "key": "slide_template",
                "value": "default"
            },
            {
                "id": 4343,
                "key": "sbg_selected_sidebar_replacement",
                "value": "0"
            },
            {
                "id": 34399,
                "key": "_vc_post_settings",
                "value": {
                    "vc_grid_id": []
                }
            },
            {
                "id": 34404,
                "key": "_vc_post_settings",
                "value": {
                    "vc_grid": [],
                    "vc_grid_id": []
                }
            },
            {
                "id": 34429,
                "key": "slide_template",
                "value": "default"
            },
            {
                "id": 34430,
                "key": "sbg_selected_sidebar_replacement",
                "value": "0"
            },
            {
                "id": 39670,
                "key": "_vc_post_settings",
                "value": {
                    "vc_grid_id": []
                }
            },
            {
                "id": 39675,
                "key": "_vc_post_settings",
                "value": {
                    "vc_grid": [],
                    "vc_grid_id": []
                }
            },
            {
                "id": 39700,
                "key": "slide_template",
                "value": "default"
            },
            {
                "id": 39701,
                "key": "sbg_selected_sidebar_replacement",
                "value": "0"
            },
            {
                "id": 173031,
                "key": "_wpml_media_duplicate",
                "value": "1"
            },
            {
                "id": 173032,
                "key": "_wpml_media_featured",
                "value": "1"
            }
        ],
        "better_featured_image": null,
        "_links": {
            "self": [
                {
                    "href": "https:\/\/mstore.io\/wp-json\/wc\/v2\/products\/419"
                }
            ],
            "collection": [
                {
                    "href": "https:\/\/mstore.io\/wp-json\/wc\/v2\/products"
                }
            ]
        }
    },
    {
        "id": 404,
        "name": "Denim Shirt In Check with Short Sleeves",
        "slug": "denim-shirt-in-check-with-short-sleeves",
        "permalink": "https:\/\/mstore.io\/product\/denim-shirt-in-check-with-short-sleeves\/",
        "date_created": "2015-08-13T00:18:57",
        "date_created_gmt": "2015-08-12T17:18:57",
        "date_modified": "2017-06-15T14:33:52",
        "date_modified_gmt": "2017-06-15T07:33:52",
        "type": "simple",
        "status": "publish",
        "featured": false,
        "catalog_visibility": "visible",
        "description": "<ul>\n<li>Lightweight denim<\/li>\n<li>Point collar<\/li>\n<li>Button placket<\/li>\n<li>Pocket to chest<\/li>\n<li>Turn-up cuffs<\/li>\n<li>Curved hem<\/li>\n<li>Regular fit - true to size<\/li>\n<li>Machine wash<\/li>\n<li>100% Cotton<\/li>\n<\/ul>\n",
        "short_description": "",
        "sku": "",
        "price": "35",
        "regular_price": "35",
        "sale_price": "",
        "date_on_sale_from": null,
        "date_on_sale_from_gmt": null,
        "date_on_sale_to": null,
        "date_on_sale_to_gmt": null,
        "price_html": "<span class=\"woocommerce-Price-amount amount\"><span class=\"woocommerce-Price-currencySymbol\">&#36;<\/span>35.00<\/span>",
        "on_sale": false,
        "purchasable": true,
        "total_sales": 36,
        "virtual": false,
        "downloadable": false,
        "downloads": [],
        "download_limit": -1,
        "download_expiry": -1,
        "external_url": "",
        "button_text": "",
        "tax_status": "taxable",
        "tax_class": "",
        "manage_stock": false,
        "stock_quantity": null,
        "in_stock": true,
        "backorders": "no",
        "backorders_allowed": false,
        "backordered": false,
        "sold_individually": false,
        "weight": "",
        "dimensions": {
            "length": "",
            "width": "",
            "height": ""
        },
        "shipping_required": true,
        "shipping_taxable": true,
        "shipping_class": "",
        "shipping_class_id": 0,
        "reviews_allowed": true,
        "average_rating": "0.00",
        "rating_count": 0,
        "related_ids": [],
        "upsell_ids": [],
        "cross_sell_ids": [],
        "parent_id": 0,
        "purchase_note": "",
        "categories": [],
        "tags": [],
        "images": [
            {
                "id": 405,
                "date_created": "2015-08-13T00:18:40",
                "date_created_gmt": "2015-08-12T17:18:40",
                "date_modified": "2015-08-13T00:18:40",
                "date_modified_gmt": "2015-08-12T17:18:40",
                "src": "https:\/\/mstore.io\/wp-content\/uploads\/2015\/08\/image1xxl-103.jpg",
                "name": "image1xxl (10)",
                "alt": "",
                "position": 0
            },
            {
                "id": 406,
                "date_created": "2015-08-13T00:18:42",
                "date_created_gmt": "2015-08-12T17:18:42",
                "date_modified": "2015-08-13T00:18:42",
                "date_modified_gmt": "2015-08-12T17:18:42",
                "src": "https:\/\/mstore.io\/wp-content\/uploads\/2015\/08\/image2xxl-94.jpg",
                "name": "image2xxl (9)",
                "alt": "",
                "position": 1
            },
            {
                "id": 407,
                "date_created": "2015-08-13T00:18:44",
                "date_created_gmt": "2015-08-12T17:18:44",
                "date_modified": "2015-08-13T00:18:44",
                "date_modified_gmt": "2015-08-12T17:18:44",
                "src": "https:\/\/mstore.io\/wp-content\/uploads\/2015\/08\/image4xxl-102.jpg",
                "name": "image4xxl (10)",
                "alt": "",
                "position": 2
            }
        ],
        "attributes": [],
        "default_attributes": [],
        "variations": [],
        "grouped_products": [],
        "menu_order": 0,
        "meta_data": [
            {
                "id": 4248,
                "key": "_vc_post_settings",
                "value": {
                    "vc_grid_id": []
                }
            },
            {
                "id": 4253,
                "key": "_vc_post_settings",
                "value": {
                    "vc_grid_id": []
                }
            },
            {
                "id": 4278,
                "key": "slide_template",
                "value": ""
            },
            {
                "id": 4279,
                "key": "sbg_selected_sidebar_replacement",
                "value": "0"
            },
            {
                "id": 34324,
                "key": "_vc_post_settings",
                "value": {
                    "vc_grid_id": []
                }
            },
            {
                "id": 34329,
                "key": "_vc_post_settings",
                "value": {
                    "vc_grid_id": []
                }
            },
            {
                "id": 34354,
                "key": "slide_template",
                "value": ""
            },
            {
                "id": 34355,
                "key": "sbg_selected_sidebar_replacement",
                "value": "0"
            },
            {
                "id": 39595,
                "key": "_vc_post_settings",
                "value": {
                    "vc_grid_id": []
                }
            },
            {
                "id": 39600,
                "key": "_vc_post_settings",
                "value": {
                    "vc_grid_id": []
                }
            },
            {
                "id": 39625,
                "key": "slide_template",
                "value": ""
            },
            {
                "id": 39626,
                "key": "sbg_selected_sidebar_replacement",
                "value": "0"
            },
            {
                "id": 172951,
                "key": "_wpml_media_duplicate",
                "value": "1"
            },
            {
                "id": 172952,
                "key": "_wpml_media_featured",
                "value": "1"
            }
        ],
        "better_featured_image": null,
        "_links": {
            "self": [
                {
                    "href": "https:\/\/mstore.io\/wp-json\/wc\/v2\/products\/404"
                }
            ],
            "collection": [
                {
                    "href": "https:\/\/mstore.io\/wp-json\/wc\/v2\/products"
                }
            ]
        }
    },
    {
        "id": 408,
        "name": "Shirt with All Over Logo",
        "slug": "shirt-with-all-over-logo",
        "permalink": "https:\/\/mstore.io\/product\/shirt-with-all-over-logo\/",
        "date_created": "2015-08-12T17:19:58",
        "date_created_gmt": "2015-08-12T10:19:58",
        "date_modified": "2017-06-15T14:34:00",
        "date_modified_gmt": "2017-06-15T07:34:00",
        "type": "simple",
        "status": "publish",
        "featured": false,
        "catalog_visibility": "visible",
        "description": "<ul>\n<li>Soft-touch cotton<\/li>\n<li>Fastened collar<\/li>\n<li>Button placket<\/li>\n<li>Chest pocket<\/li>\n<li>Embroidered logo<\/li>\n<li>Slim fit - cut closely to the body<\/li>\n<li>Machine wash<\/li>\n<li>100% Cotton<\/li>\n<\/ul>\n",
        "short_description": "",
        "sku": "",
        "price": "68",
        "regular_price": "68",
        "sale_price": "",
        "date_on_sale_from": null,
        "date_on_sale_from_gmt": null,
        "date_on_sale_to": null,
        "date_on_sale_to_gmt": null,
        "price_html": "<span class=\"woocommerce-Price-amount amount\"><span class=\"woocommerce-Price-currencySymbol\">&#36;<\/span>68.00<\/span>",
        "on_sale": false,
        "purchasable": true,
        "total_sales": 31,
        "virtual": false,
        "downloadable": false,
        "downloads": [],
        "download_limit": -1,
        "download_expiry": -1,
        "external_url": "",
        "button_text": "",
        "tax_status": "taxable",
        "tax_class": "",
        "manage_stock": false,
        "stock_quantity": null,
        "in_stock": true,
        "backorders": "no",
        "backorders_allowed": false,
        "backordered": false,
        "sold_individually": false,
        "weight": "",
        "dimensions": {
            "length": "",
            "width": "",
            "height": ""
        },
        "shipping_required": true,
        "shipping_taxable": true,
        "shipping_class": "",
        "shipping_class_id": 0,
        "reviews_allowed": true,
        "average_rating": "0.00",
        "rating_count": 0,
        "related_ids": [],
        "upsell_ids": [],
        "cross_sell_ids": [],
        "parent_id": 0,
        "purchase_note": "",
        "categories": [],
        "tags": [],
        "images": [
            {
                "id": 409,
                "date_created": "2015-08-13T00:19:45",
                "date_created_gmt": "2015-08-12T17:19:45",
                "date_modified": "2015-08-13T00:19:45",
                "date_modified_gmt": "2015-08-12T17:19:45",
                "src": "https:\/\/mstore.io\/wp-content\/uploads\/2015\/08\/image1xxl-113.jpg",
                "name": "image1xxl (11)",
                "alt": "",
                "position": 0
            },
            {
                "id": 411,
                "date_created": "2015-08-13T00:19:50",
                "date_created_gmt": "2015-08-12T17:19:50",
                "date_modified": "2015-08-13T00:19:50",
                "date_modified_gmt": "2015-08-12T17:19:50",
                "src": "https:\/\/mstore.io\/wp-content\/uploads\/2015\/08\/image4xxl-112.jpg",
                "name": "image4xxl (11)",
                "alt": "",
                "position": 1
            },
            {
                "id": 410,
                "date_created": "2015-08-13T00:19:47",
                "date_created_gmt": "2015-08-12T17:19:47",
                "date_modified": "2015-08-13T00:19:47",
                "date_modified_gmt": "2015-08-12T17:19:47",
                "src": "https:\/\/mstore.io\/wp-content\/uploads\/2015\/08\/image2xxl-104.jpg",
                "name": "image2xxl (10)",
                "alt": "",
                "position": 2
            }
        ],
        "attributes": [
            {
                "id": 2,
                "name": "color",
                "position": 0,
                "visible": true,
                "variation": false,
                "options": [
                    "Black",
                    "Blue",
                    "Green",
                    "Red"
                ]
            },
            {
                "id": 1,
                "name": "size",
                "position": 1,
                "visible": true,
                "variation": false,
                "options": [
                    "L",
                    "M",
                    "S",
                    "XL"
                ]
            }
        ],
        "default_attributes": [],
        "variations": [],
        "grouped_products": [],
        "menu_order": 0,
        "meta_data": [
            {
                "id": 4280,
                "key": "_vc_post_settings",
                "value": {
                    "vc_grid_id": []
                }
            },
            {
                "id": 4285,
                "key": "_vc_post_settings",
                "value": {
                    "vc_grid_id": []
                }
            },
            {
                "id": 4310,
                "key": "slide_template",
                "value": ""
            },
            {
                "id": 4311,
                "key": "sbg_selected_sidebar_replacement",
                "value": "0"
            },
            {
                "id": 34364,
                "key": "_vc_post_settings",
                "value": {
                    "vc_grid_id": []
                }
            },
            {
                "id": 34369,
                "key": "_vc_post_settings",
                "value": {
                    "vc_grid_id": []
                }
            },
            {
                "id": 34394,
                "key": "slide_template",
                "value": ""
            },
            {
                "id": 34395,
                "key": "sbg_selected_sidebar_replacement",
                "value": "0"
            },
            {
                "id": 39635,
                "key": "_vc_post_settings",
                "value": {
                    "vc_grid_id": []
                }
            },
            {
                "id": 39640,
                "key": "_vc_post_settings",
                "value": {
                    "vc_grid_id": []
                }
            },
            {
                "id": 39665,
                "key": "slide_template",
                "value": ""
            },
            {
                "id": 39666,
                "key": "sbg_selected_sidebar_replacement",
                "value": "0"
            },
            {
                "id": 172863,
                "key": "_wpml_media_duplicate",
                "value": "1"
            },
            {
                "id": 172864,
                "key": "_wpml_media_featured",
                "value": "1"
            }
        ],
        "better_featured_image": null,
        "_links": {
            "self": [
                {
                    "href": "https:\/\/mstore.io\/wp-json\/wc\/v2\/products\/408"
                }
            ],
            "collection": [
                {
                    "href": "https:\/\/mstore.io\/wp-json\/wc\/v2\/products"
                }
            ]
        }
    },
    {
        "id": 400,
        "name": "Jersey Shirt With Long Sleeves",
        "slug": "jersey-shirt-with-long-sleeves",
        "permalink": "https:\/\/mstore.io\/product\/jersey-shirt-with-long-sleeves\/",
        "date_created": "2015-08-13T00:17:58",
        "date_created_gmt": "2015-08-12T17:17:58",
        "date_modified": "2015-08-13T00:17:58",
        "date_modified_gmt": "2015-08-12T17:17:58",
        "type": "simple",
        "status": "publish",
        "featured": false,
        "catalog_visibility": "visible",
        "description": "<ul>\n<li>Cotton-mix jersey<\/li>\n<li>Fastened collar<\/li>\n<li>Button placket<\/li>\n<li>Pocket to chest<\/li>\n<li>Curved hem<\/li>\n<li>Regular fit - true to size<\/li>\n<li>Machine wash<\/li>\n<li>77% Polyester, 23% Cotton<\/li>\n<\/ul>\n",
        "short_description": "",
        "sku": "",
        "price": "32",
        "regular_price": "32",
        "sale_price": "",
        "date_on_sale_from": null,
        "date_on_sale_from_gmt": null,
        "date_on_sale_to": null,
        "date_on_sale_to_gmt": null,
        "price_html": "<span class=\"woocommerce-Price-amount amount\"><span class=\"woocommerce-Price-currencySymbol\">&#36;<\/span>32.00<\/span>",
        "on_sale": false,
        "purchasable": true,
        "total_sales": 25,
        "virtual": false,
        "downloadable": false,
        "downloads": [],
        "download_limit": -1,
        "download_expiry": -1,
        "external_url": "",
        "button_text": "",
        "tax_status": "taxable",
        "tax_class": "",
        "manage_stock": false,
        "stock_quantity": null,
        "in_stock": true,
        "backorders": "no",
        "backorders_allowed": false,
        "backordered": false,
        "sold_individually": false,
        "weight": "",
        "dimensions": {
            "length": "",
            "width": "",
            "height": ""
        },
        "shipping_required": true,
        "shipping_taxable": true,
        "shipping_class": "",
        "shipping_class_id": 0,
        "reviews_allowed": true,
        "average_rating": "0.00",
        "rating_count": 0,
        "related_ids": [
            376,
            380,
            368,
            360,
            384
        ],
        "upsell_ids": [],
        "cross_sell_ids": [],
        "parent_id": 0,
        "purchase_note": "",
        "categories": [],
        "tags": [],
        "images": [
            {
                "id": 401,
                "date_created": "2015-08-13T00:17:46",
                "date_created_gmt": "2015-08-12T17:17:46",
                "date_modified": "2015-08-13T00:17:46",
                "date_modified_gmt": "2015-08-12T17:17:46",
                "src": "https:\/\/mstore.io\/wp-content\/uploads\/2015\/08\/image1xxl-94.jpg",
                "name": "image1xxl (9)",
                "alt": "",
                "position": 0
            },
            {
                "id": 403,
                "date_created": "2015-08-13T00:17:51",
                "date_created_gmt": "2015-08-12T17:17:51",
                "date_modified": "2015-08-13T00:17:51",
                "date_modified_gmt": "2015-08-12T17:17:51",
                "src": "https:\/\/mstore.io\/wp-content\/uploads\/2015\/08\/image4xxl-93.jpg",
                "name": "image4xxl (9)",
                "alt": "",
                "position": 1
            },
            {
                "id": 402,
                "date_created": "2015-08-13T00:17:48",
                "date_created_gmt": "2015-08-12T17:17:48",
                "date_modified": "2015-08-13T00:17:48",
                "date_modified_gmt": "2015-08-12T17:17:48",
                "src": "https:\/\/mstore.io\/wp-content\/uploads\/2015\/08\/image2xxl-84.jpg",
                "name": "image2xxl (8)",
                "alt": "",
                "position": 2
            }
        ],
        "attributes": [],
        "default_attributes": [],
        "variations": [],
        "grouped_products": [],
        "menu_order": 0,
        "meta_data": [
            {
                "id": 4216,
                "key": "_vc_post_settings",
                "value": {
                    "vc_grid_id": []
                }
            },
            {
                "id": 4221,
                "key": "_vc_post_settings",
                "value": {
                    "vc_grid": [],
                    "vc_grid_id": []
                }
            },
            {
                "id": 4246,
                "key": "slide_template",
                "value": "default"
            },
            {
                "id": 4247,
                "key": "sbg_selected_sidebar_replacement",
                "value": "0"
            },
            {
                "id": 34289,
                "key": "_vc_post_settings",
                "value": {
                    "vc_grid_id": []
                }
            },
            {
                "id": 34294,
                "key": "_vc_post_settings",
                "value": {
                    "vc_grid": [],
                    "vc_grid_id": []
                }
            },
            {
                "id": 34319,
                "key": "slide_template",
                "value": "default"
            },
            {
                "id": 34320,
                "key": "sbg_selected_sidebar_replacement",
                "value": "0"
            },
            {
                "id": 39560,
                "key": "_vc_post_settings",
                "value": {
                    "vc_grid_id": []
                }
            },
            {
                "id": 39565,
                "key": "_vc_post_settings",
                "value": {
                    "vc_grid": [],
                    "vc_grid_id": []
                }
            },
            {
                "id": 39590,
                "key": "slide_template",
                "value": "default"
            },
            {
                "id": 39591,
                "key": "sbg_selected_sidebar_replacement",
                "value": "0"
            },
            {
                "id": 172779,
                "key": "_wpml_media_duplicate",
                "value": "1"
            },
            {
                "id": 172780,
                "key": "_wpml_media_featured",
                "value": "1"
            }
        ],
        "better_featured_image": null,
        "_links": {
            "self": [
                {
                    "href": "https:\/\/mstore.io\/wp-json\/wc\/v2\/products\/400"
                }
            ],
            "collection": [
                {
                    "href": "https:\/\/mstore.io\/wp-json\/wc\/v2\/products"
                }
            ]
        }
    },
    {
        "id": 396,
        "name": "Monochrome Shirt in Long Sleeve",
        "slug": "monochrome-shirt-in-long-sleeve",
        "permalink": "https:\/\/mstore.io\/product\/monochrome-shirt-in-long-sleeve\/",
        "date_created": "2015-08-13T00:16:55",
        "date_created_gmt": "2015-08-12T17:16:55",
        "date_modified": "2015-08-13T00:16:55",
        "date_modified_gmt": "2015-08-12T17:16:55",
        "type": "simple",
        "status": "publish",
        "featured": false,
        "catalog_visibility": "visible",
        "description": "<ul>\n<li>Breathable cotton<\/li>\n<li>Fastened point collar<\/li>\n<li>Contrast yoke<\/li>\n<li>Button placket<\/li>\n<li>Regular fit - true to size<\/li>\n<li>Machine wash<\/li>\n<li>100% Cotton<\/li>\n<\/ul>\n",
        "short_description": "",
        "sku": "",
        "price": "45",
        "regular_price": "45",
        "sale_price": "",
        "date_on_sale_from": null,
        "date_on_sale_from_gmt": null,
        "date_on_sale_to": null,
        "date_on_sale_to_gmt": null,
        "price_html": "<span class=\"woocommerce-Price-amount amount\"><span class=\"woocommerce-Price-currencySymbol\">&#36;<\/span>45.00<\/span>",
        "on_sale": false,
        "purchasable": true,
        "total_sales": 9,
        "virtual": false,
        "downloadable": false,
        "downloads": [],
        "download_limit": -1,
        "download_expiry": -1,
        "external_url": "",
        "button_text": "",
        "tax_status": "taxable",
        "tax_class": "",
        "manage_stock": false,
        "stock_quantity": null,
        "in_stock": true,
        "backorders": "no",
        "backorders_allowed": false,
        "backordered": false,
        "sold_individually": false,
        "weight": "",
        "dimensions": {
            "length": "",
            "width": "",
            "height": ""
        },
        "shipping_required": true,
        "shipping_taxable": true,
        "shipping_class": "",
        "shipping_class_id": 0,
        "reviews_allowed": true,
        "average_rating": "0.00",
        "rating_count": 0,
        "related_ids": [],
        "upsell_ids": [],
        "cross_sell_ids": [],
        "parent_id": 0,
        "purchase_note": "",
        "categories": [],
        "tags": [],
        "images": [
            {
                "id": 397,
                "date_created": "2015-08-13T00:16:38",
                "date_created_gmt": "2015-08-12T17:16:38",
                "date_modified": "2015-08-13T00:16:38",
                "date_modified_gmt": "2015-08-12T17:16:38",
                "src": "https:\/\/mstore.io\/wp-content\/uploads\/2015\/08\/image1xxl-84.jpg",
                "name": "image1xxl (8)",
                "alt": "",
                "position": 0
            },
            {
                "id": 399,
                "date_created": "2015-08-13T00:16:43",
                "date_created_gmt": "2015-08-12T17:16:43",
                "date_modified": "2015-08-13T00:16:43",
                "date_modified_gmt": "2015-08-12T17:16:43",
                "src": "https:\/\/mstore.io\/wp-content\/uploads\/2015\/08\/image4xxl-83.jpg",
                "name": "image4xxl (8)",
                "alt": "",
                "position": 1
            },
            {
                "id": 398,
                "date_created": "2015-08-13T00:16:41",
                "date_created_gmt": "2015-08-12T17:16:41",
                "date_modified": "2015-08-13T00:16:41",
                "date_modified_gmt": "2015-08-12T17:16:41",
                "src": "https:\/\/mstore.io\/wp-content\/uploads\/2015\/08\/image2xxl-75.jpg",
                "name": "image2xxl (7)",
                "alt": "",
                "position": 2
            }
        ],
        "attributes": [],
        "default_attributes": [],
        "variations": [],
        "grouped_products": [],
        "menu_order": 0,
        "meta_data": [
            {
                "id": 4184,
                "key": "_vc_post_settings",
                "value": {
                    "vc_grid_id": []
                }
            },
            {
                "id": 4189,
                "key": "_vc_post_settings",
                "value": {
                    "vc_grid": [],
                    "vc_grid_id": []
                }
            },
            {
                "id": 4214,
                "key": "slide_template",
                "value": "default"
            },
            {
                "id": 4215,
                "key": "sbg_selected_sidebar_replacement",
                "value": "0"
            },
            {
                "id": 34254,
                "key": "_vc_post_settings",
                "value": {
                    "vc_grid_id": []
                }
            },
            {
                "id": 34259,
                "key": "_vc_post_settings",
                "value": {
                    "vc_grid": [],
                    "vc_grid_id": []
                }
            },
            {
                "id": 34284,
                "key": "slide_template",
                "value": "default"
            },
            {
                "id": 34285,
                "key": "sbg_selected_sidebar_replacement",
                "value": "0"
            },
            {
                "id": 39525,
                "key": "_vc_post_settings",
                "value": {
                    "vc_grid_id": []
                }
            },
            {
                "id": 39530,
                "key": "_vc_post_settings",
                "value": {
                    "vc_grid": [],
                    "vc_grid_id": []
                }
            },
            {
                "id": 39555,
                "key": "slide_template",
                "value": "default"
            },
            {
                "id": 39556,
                "key": "sbg_selected_sidebar_replacement",
                "value": "0"
            },
            {
                "id": 172699,
                "key": "_wpml_media_duplicate",
                "value": "1"
            },
            {
                "id": 172700,
                "key": "_wpml_media_featured",
                "value": "1"
            }
        ],
        "better_featured_image": null,
        "_links": {
            "self": [
                {
                    "href": "https:\/\/mstore.io\/wp-json\/wc\/v2\/products\/396"
                }
            ],
            "collection": [
                {
                    "href": "https:\/\/mstore.io\/wp-json\/wc\/v2\/products"
                }
            ]
        }
    }
]