[
    {
        "id": 194,
        "name": "Skinny Jeans With Ripped Knees",
        "slug": "skinny-jeans-with-ripped-knees",
        "permalink": "https:\/\/mstore.io\/product\/skinny-jeans-with-ripped-knees\/",
        "date_created": "2015-08-12T00:54:06",
        "date_created_gmt": "2015-08-11T17:54:06",
        "date_modified": "2015-08-12T00:54:06",
        "date_modified_gmt": "2015-08-11T17:54:06",
        "type": "simple",
        "status": "publish",
        "featured": false,
        "catalog_visibility": "visible",
        "description": "<ul>\n<li>Stretch denim<\/li>\n<li>Mid-rise design<\/li>\n<li>Zip fly with button fastening<\/li>\n<li>Four pocket styling<\/li>\n<li>Ripped knees<\/li>\n<li>Skinny fit - cut closely to the body<\/li>\n<li>Machine wash<\/li>\n<li>74% Cotton, 25% Polyester, 1% Elastane<\/li>\n<\/ul>\n",
        "short_description": "",
        "sku": "",
        "price": "36",
        "regular_price": "36",
        "sale_price": "",
        "date_on_sale_from": null,
        "date_on_sale_from_gmt": null,
        "date_on_sale_to": null,
        "date_on_sale_to_gmt": null,
        "price_html": "<span class=\"woocommerce-Price-amount amount\"><span class=\"woocommerce-Price-currencySymbol\">&#36;<\/span>36.00<\/span>",
        "on_sale": false,
        "purchasable": true,
        "total_sales": 28,
        "virtual": false,
        "downloadable": false,
        "downloads": [],
        "download_limit": -1,
        "download_expiry": -1,
        "external_url": "",
        "button_text": "",
        "tax_status": "taxable",
        "tax_class": "",
        "manage_stock": false,
        "stock_quantity": null,
        "in_stock": true,
        "backorders": "no",
        "backorders_allowed": false,
        "backordered": false,
        "sold_individually": false,
        "weight": "",
        "dimensions": {
            "length": "",
            "width": "",
            "height": ""
        },
        "shipping_required": true,
        "shipping_taxable": true,
        "shipping_class": "",
        "shipping_class_id": 0,
        "reviews_allowed": true,
        "average_rating": "0.00",
        "rating_count": 0,
        "related_ids": [],
        "upsell_ids": [],
        "cross_sell_ids": [],
        "parent_id": 0,
        "purchase_note": "",
        "categories": [],
        "tags": [],
        "images": [
            {
                "id": 195,
                "date_created": "2015-08-12T00:53:48",
                "date_created_gmt": "2015-08-11T17:53:48",
                "date_modified": "2015-08-12T00:53:48",
                "date_modified_gmt": "2015-08-11T17:53:48",
                "src": "https:\/\/mstore.io\/wp-content\/uploads\/2015\/08\/image1xxl-62.jpg",
                "name": "image1xxl (6)",
                "alt": "",
                "position": 0
            },
            {
                "id": 197,
                "date_created": "2015-08-12T00:53:53",
                "date_created_gmt": "2015-08-11T17:53:53",
                "date_modified": "2015-08-12T00:53:53",
                "date_modified_gmt": "2015-08-11T17:53:53",
                "src": "https:\/\/mstore.io\/wp-content\/uploads\/2015\/08\/image4xxl-81.jpg",
                "name": "image4xxl (8)",
                "alt": "",
                "position": 1
            },
            {
                "id": 196,
                "date_created": "2015-08-12T00:53:50",
                "date_created_gmt": "2015-08-11T17:53:50",
                "date_modified": "2015-08-12T00:53:50",
                "date_modified_gmt": "2015-08-11T17:53:50",
                "src": "https:\/\/mstore.io\/wp-content\/uploads\/2015\/08\/image2xxl-91.jpg",
                "name": "image2xxl (9)",
                "alt": "",
                "position": 2
            }
        ],
        "attributes": [],
        "default_attributes": [],
        "variations": [],
        "grouped_products": [],
        "menu_order": 0,
        "meta_data": [
            {
                "id": 2635,
                "key": "_vc_post_settings",
                "value": {
                    "vc_grid_id": []
                }
            },
            {
                "id": 2640,
                "key": "_vc_post_settings",
                "value": {
                    "vc_grid": [],
                    "vc_grid_id": []
                }
            },
            {
                "id": 2665,
                "key": "slide_template",
                "value": "default"
            },
            {
                "id": 2666,
                "key": "sbg_selected_sidebar_replacement",
                "value": "0"
            },
            {
                "id": 32554,
                "key": "_vc_post_settings",
                "value": {
                    "vc_grid_id": []
                }
            },
            {
                "id": 32559,
                "key": "_vc_post_settings",
                "value": {
                    "vc_grid": [],
                    "vc_grid_id": []
                }
            },
            {
                "id": 32584,
                "key": "slide_template",
                "value": "default"
            },
            {
                "id": 32585,
                "key": "sbg_selected_sidebar_replacement",
                "value": "0"
            },
            {
                "id": 37826,
                "key": "_vc_post_settings",
                "value": {
                    "vc_grid_id": []
                }
            },
            {
                "id": 37831,
                "key": "_vc_post_settings",
                "value": {
                    "vc_grid": [],
                    "vc_grid_id": []
                }
            },
            {
                "id": 37856,
                "key": "slide_template",
                "value": "default"
            },
            {
                "id": 37857,
                "key": "sbg_selected_sidebar_replacement",
                "value": "0"
            }
        ],
        "better_featured_image": null,
        "_links": {
            "self": [
                {
                    "href": "https:\/\/mstore.io\/wp-json\/wc\/v2\/products\/194"
                }
            ],
            "collection": [
                {
                    "href": "https:\/\/mstore.io\/wp-json\/wc\/v2\/products"
                }
            ]
        }
    },
    {
        "id": 190,
        "name": "Nora Jogger Jean",
        "slug": "nora-jogger-jean",
        "permalink": "https:\/\/mstore.io\/product\/nora-jogger-jean\/",
        "date_created": "2015-08-12T00:52:58",
        "date_created_gmt": "2015-08-11T17:52:58",
        "date_modified": "2019-09-04T09:54:16",
        "date_modified_gmt": "2019-09-04T02:54:16",
        "type": "simple",
        "status": "publish",
        "featured": false,
        "catalog_visibility": "visible",
        "description": "<ul>\n<li>Mid-weight woven denim<\/li>\n<li>Acid wash finish<\/li>\n<li>Drawstring waistband<\/li>\n<li>Four pocket styling<\/li>\n<li>Faux zip fly<\/li>\n<li>Stretch cuffs<\/li>\n<li>Relaxed fit<\/li>\n<li>Machine wash<\/li>\n<li>66% Cotton, 30% Polyester, 3% Viscose, 1% Elastane<\/li>\n<\/ul>\n",
        "short_description": "",
        "sku": "",
        "price": "45",
        "regular_price": "45",
        "sale_price": "",
        "date_on_sale_from": null,
        "date_on_sale_from_gmt": null,
        "date_on_sale_to": null,
        "date_on_sale_to_gmt": null,
        "price_html": "<span class=\"woocommerce-Price-amount amount\"><span class=\"woocommerce-Price-currencySymbol\">&#36;<\/span>45.00<\/span>",
        "on_sale": false,
        "purchasable": true,
        "total_sales": 172,
        "virtual": false,
        "downloadable": false,
        "downloads": [],
        "download_limit": -1,
        "download_expiry": -1,
        "external_url": "",
        "button_text": "",
        "tax_status": "taxable",
        "tax_class": "",
        "manage_stock": false,
        "stock_quantity": null,
        "in_stock": true,
        "backorders": "no",
        "backorders_allowed": false,
        "backordered": false,
        "sold_individually": false,
        "weight": "",
        "dimensions": {
            "length": "",
            "width": "",
            "height": ""
        },
        "shipping_required": true,
        "shipping_taxable": true,
        "shipping_class": "",
        "shipping_class_id": 0,
        "reviews_allowed": true,
        "average_rating": "5.00",
        "rating_count": 2,
        "related_ids": [
            10630,
            186,
            182,
            9231,
            9232
        ],
        "upsell_ids": [],
        "cross_sell_ids": [],
        "parent_id": 0,
        "purchase_note": "",
        "categories": [],
        "tags": [],
        "images": [
            {
                "id": 191,
                "date_created": "2015-08-12T00:52:41",
                "date_created_gmt": "2015-08-11T17:52:41",
                "date_modified": "2015-08-12T00:52:41",
                "date_modified_gmt": "2015-08-11T17:52:41",
                "src": "https:\/\/mstore.io\/wp-content\/uploads\/2015\/08\/image2xxl-81.jpg",
                "name": "image2xxl (8)",
                "alt": "",
                "position": 0
            },
            {
                "id": 192,
                "date_created": "2015-08-12T00:52:43",
                "date_created_gmt": "2015-08-11T17:52:43",
                "date_modified": "2015-08-12T00:52:43",
                "date_modified_gmt": "2015-08-11T17:52:43",
                "src": "https:\/\/mstore.io\/wp-content\/uploads\/2015\/08\/image3xxl-61.jpg",
                "name": "image3xxl (6)",
                "alt": "",
                "position": 1
            },
            {
                "id": 193,
                "date_created": "2015-08-12T00:52:46",
                "date_created_gmt": "2015-08-11T17:52:46",
                "date_modified": "2015-08-12T00:52:46",
                "date_modified_gmt": "2015-08-11T17:52:46",
                "src": "https:\/\/mstore.io\/wp-content\/uploads\/2015\/08\/image4xxl-71.jpg",
                "name": "image4xxl (7)",
                "alt": "",
                "position": 2
            }
        ],
        "attributes": [],
        "default_attributes": [],
        "variations": [],
        "grouped_products": [],
        "menu_order": 0,
        "meta_data": [
            {
                "id": 2603,
                "key": "_vc_post_settings",
                "value": {
                    "vc_grid_id": []
                }
            },
            {
                "id": 2608,
                "key": "_vc_post_settings",
                "value": {
                    "vc_grid": [],
                    "vc_grid_id": []
                }
            },
            {
                "id": 2633,
                "key": "slide_template",
                "value": "default"
            },
            {
                "id": 2634,
                "key": "sbg_selected_sidebar_replacement",
                "value": "0"
            },
            {
                "id": 32519,
                "key": "_vc_post_settings",
                "value": {
                    "vc_grid_id": []
                }
            },
            {
                "id": 32524,
                "key": "_vc_post_settings",
                "value": {
                    "vc_grid": [],
                    "vc_grid_id": []
                }
            },
            {
                "id": 32549,
                "key": "slide_template",
                "value": "default"
            },
            {
                "id": 32550,
                "key": "sbg_selected_sidebar_replacement",
                "value": "0"
            },
            {
                "id": 37791,
                "key": "_vc_post_settings",
                "value": {
                    "vc_grid_id": []
                }
            },
            {
                "id": 37796,
                "key": "_vc_post_settings",
                "value": {
                    "vc_grid": [],
                    "vc_grid_id": []
                }
            },
            {
                "id": 37821,
                "key": "slide_template",
                "value": "default"
            },
            {
                "id": 37822,
                "key": "sbg_selected_sidebar_replacement",
                "value": "0"
            }
        ],
        "better_featured_image": null,
        "_links": {
            "self": [
                {
                    "href": "https:\/\/mstore.io\/wp-json\/wc\/v2\/products\/190"
                }
            ],
            "collection": [
                {
                    "href": "https:\/\/mstore.io\/wp-json\/wc\/v2\/products"
                }
            ]
        }
    },
    {
        "id": 186,
        "name": "Tall Eve Low Rise Skinny Jean",
        "slug": "tall-eve-low-rise-skinny-jean",
        "permalink": "https:\/\/mstore.io\/product\/tall-eve-low-rise-skinny-jean\/",
        "date_created": "2015-08-12T00:52:04",
        "date_created_gmt": "2015-08-11T17:52:04",
        "date_modified": "2020-02-22T01:51:05",
        "date_modified_gmt": "2020-02-21T18:51:05",
        "type": "simple",
        "status": "publish",
        "featured": false,
        "catalog_visibility": "visible",
        "description": "<ul>\n<li>Cotton-rich denim<\/li>\n<li>Added stretch for comfort<\/li>\n<li>Classic five pocket styling<\/li>\n<li>Button fastening, zip fly<\/li>\n<li>Distressed finish<\/li>\n<li>Skinny fit - cut closely to the body<\/li>\n<li>Machine wash<\/li>\n<li>67% Cotton, 31% Polyester, 2% Elastane<\/li>\n<\/ul>\n<p>&nbsp;<\/p>\n",
        "short_description": "",
        "sku": "",
        "price": "42",
        "regular_price": "42",
        "sale_price": "",
        "date_on_sale_from": null,
        "date_on_sale_from_gmt": null,
        "date_on_sale_to": null,
        "date_on_sale_to_gmt": null,
        "price_html": "<span class=\"woocommerce-Price-amount amount\"><span class=\"woocommerce-Price-currencySymbol\">&#36;<\/span>42.00<\/span>",
        "on_sale": false,
        "purchasable": true,
        "total_sales": 15,
        "virtual": false,
        "downloadable": false,
        "downloads": [],
        "download_limit": -1,
        "download_expiry": -1,
        "external_url": "",
        "button_text": "",
        "tax_status": "taxable",
        "tax_class": "",
        "manage_stock": false,
        "stock_quantity": null,
        "in_stock": true,
        "backorders": "no",
        "backorders_allowed": false,
        "backordered": false,
        "sold_individually": false,
        "weight": "",
        "dimensions": {
            "length": "",
            "width": "",
            "height": ""
        },
        "shipping_required": true,
        "shipping_taxable": true,
        "shipping_class": "",
        "shipping_class_id": 0,
        "reviews_allowed": true,
        "average_rating": "0.00",
        "rating_count": 0,
        "related_ids": [],
        "upsell_ids": [],
        "cross_sell_ids": [],
        "parent_id": 0,
        "purchase_note": "",
        "categories": [],
        "tags": [],
        "images": [
            {
                "id": 187,
                "date_created": "2015-08-12T00:51:24",
                "date_created_gmt": "2015-08-11T17:51:24",
                "date_modified": "2015-08-12T00:51:24",
                "date_modified_gmt": "2015-08-11T17:51:24",
                "src": "https:\/\/mstore.io\/wp-content\/uploads\/2015\/08\/image2xxl-72.jpg",
                "name": "image2xxl (7)",
                "alt": "",
                "position": 0
            },
            {
                "id": 188,
                "date_created": "2015-08-12T00:51:27",
                "date_created_gmt": "2015-08-11T17:51:27",
                "date_modified": "2015-08-12T00:51:27",
                "date_modified_gmt": "2015-08-11T17:51:27",
                "src": "https:\/\/mstore.io\/wp-content\/uploads\/2015\/08\/image3xxl-51.jpg",
                "name": "image3xxl (5)",
                "alt": "",
                "position": 1
            },
            {
                "id": 189,
                "date_created": "2015-08-12T00:51:29",
                "date_created_gmt": "2015-08-11T17:51:29",
                "date_modified": "2015-08-12T00:51:29",
                "date_modified_gmt": "2015-08-11T17:51:29",
                "src": "https:\/\/mstore.io\/wp-content\/uploads\/2015\/08\/image4xxl-61.jpg",
                "name": "image4xxl (6)",
                "alt": "",
                "position": 2
            }
        ],
        "attributes": [],
        "default_attributes": [],
        "variations": [],
        "grouped_products": [],
        "menu_order": 0,
        "meta_data": [
            {
                "id": 2571,
                "key": "_vc_post_settings",
                "value": {
                    "vc_grid_id": []
                }
            },
            {
                "id": 2576,
                "key": "_vc_post_settings",
                "value": {
                    "vc_grid": [],
                    "vc_grid_id": []
                }
            },
            {
                "id": 2601,
                "key": "slide_template",
                "value": "default"
            },
            {
                "id": 2602,
                "key": "sbg_selected_sidebar_replacement",
                "value": "0"
            },
            {
                "id": 32484,
                "key": "_vc_post_settings",
                "value": {
                    "vc_grid_id": []
                }
            },
            {
                "id": 32489,
                "key": "_vc_post_settings",
                "value": {
                    "vc_grid": [],
                    "vc_grid_id": []
                }
            },
            {
                "id": 32514,
                "key": "slide_template",
                "value": "default"
            },
            {
                "id": 32515,
                "key": "sbg_selected_sidebar_replacement",
                "value": "0"
            },
            {
                "id": 37756,
                "key": "_vc_post_settings",
                "value": {
                    "vc_grid_id": []
                }
            },
            {
                "id": 37761,
                "key": "_vc_post_settings",
                "value": {
                    "vc_grid": [],
                    "vc_grid_id": []
                }
            },
            {
                "id": 37786,
                "key": "slide_template",
                "value": "default"
            },
            {
                "id": 37787,
                "key": "sbg_selected_sidebar_replacement",
                "value": "0"
            }
        ],
        "better_featured_image": null,
        "_links": {
            "self": [
                {
                    "href": "https:\/\/mstore.io\/wp-json\/wc\/v2\/products\/186"
                }
            ],
            "collection": [
                {
                    "href": "https:\/\/mstore.io\/wp-json\/wc\/v2\/products"
                }
            ]
        }
    },
    {
        "id": 182,
        "name": "Bell Flare Jeans In Clean Black With Thigh Rips",
        "slug": "bell-flare-jeans-in-clean-black-with-thigh-rips",
        "permalink": "https:\/\/mstore.io\/product\/bell-flare-jeans-in-clean-black-with-thigh-rips\/",
        "date_created": "2015-08-12T00:50:30",
        "date_created_gmt": "2015-08-11T17:50:30",
        "date_modified": "2019-08-18T00:11:47",
        "date_modified_gmt": "2019-08-17T17:11:47",
        "type": "simple",
        "status": "publish",
        "featured": false,
        "catalog_visibility": "visible",
        "description": "<ul>\n<li>Cotton-rich stretch denim<\/li>\n<li>High waistband<\/li>\n<li>Zip fly<\/li>\n<li>Five pocket styling<\/li>\n<li>Ripped details<\/li>\n<li>Flared fit - cut with a straight leg that flares at the ankle<\/li>\n<li>Machine wash<\/li>\n<li>98% Cotton, 2% Elastane<\/li>\n<\/ul>\n",
        "short_description": "",
        "sku": "",
        "price": "48",
        "regular_price": "48",
        "sale_price": "",
        "date_on_sale_from": null,
        "date_on_sale_from_gmt": null,
        "date_on_sale_to": null,
        "date_on_sale_to_gmt": null,
        "price_html": "<span class=\"woocommerce-Price-amount amount\"><span class=\"woocommerce-Price-currencySymbol\">&#36;<\/span>48.00<\/span>",
        "on_sale": false,
        "purchasable": true,
        "total_sales": 11,
        "virtual": false,
        "downloadable": false,
        "downloads": [],
        "download_limit": -1,
        "download_expiry": -1,
        "external_url": "",
        "button_text": "",
        "tax_status": "taxable",
        "tax_class": "",
        "manage_stock": false,
        "stock_quantity": null,
        "in_stock": true,
        "backorders": "no",
        "backorders_allowed": false,
        "backordered": false,
        "sold_individually": false,
        "weight": "",
        "dimensions": {
            "length": "",
            "width": "",
            "height": ""
        },
        "shipping_required": true,
        "shipping_taxable": true,
        "shipping_class": "",
        "shipping_class_id": 0,
        "reviews_allowed": true,
        "average_rating": "0.00",
        "rating_count": 0,
        "related_ids": [
            186,
            190,
            36,
            9231,
            194
        ],
        "upsell_ids": [],
        "cross_sell_ids": [],
        "parent_id": 0,
        "purchase_note": "",
        "categories": [],
        "tags": [],
        "images": [
            {
                "id": 183,
                "date_created": "2015-08-12T00:50:12",
                "date_created_gmt": "2015-08-11T17:50:12",
                "date_modified": "2015-08-12T00:50:12",
                "date_modified_gmt": "2015-08-11T17:50:12",
                "src": "https:\/\/mstore.io\/wp-content\/uploads\/2015\/08\/image1xxl2.jpg",
                "name": "image1xxl2",
                "alt": "",
                "position": 0
            },
            {
                "id": 185,
                "date_created": "2015-08-12T00:50:17",
                "date_created_gmt": "2015-08-11T17:50:17",
                "date_modified": "2015-08-12T00:50:17",
                "date_modified_gmt": "2015-08-11T17:50:17",
                "src": "https:\/\/mstore.io\/wp-content\/uploads\/2015\/08\/image4xxl-51.jpg",
                "name": "image4xxl (5)",
                "alt": "",
                "position": 1
            },
            {
                "id": 184,
                "date_created": "2015-08-12T00:50:15",
                "date_created_gmt": "2015-08-11T17:50:15",
                "date_modified": "2015-08-12T00:50:15",
                "date_modified_gmt": "2015-08-11T17:50:15",
                "src": "https:\/\/mstore.io\/wp-content\/uploads\/2015\/08\/image2xxl-62.jpg",
                "name": "image2xxl (6)",
                "alt": "",
                "position": 2
            }
        ],
        "attributes": [],
        "default_attributes": [],
        "variations": [],
        "grouped_products": [],
        "menu_order": 0,
        "meta_data": [
            {
                "id": 2539,
                "key": "_vc_post_settings",
                "value": {
                    "vc_grid_id": []
                }
            },
            {
                "id": 2544,
                "key": "_vc_post_settings",
                "value": {
                    "vc_grid": [],
                    "vc_grid_id": []
                }
            },
            {
                "id": 2569,
                "key": "slide_template",
                "value": "default"
            },
            {
                "id": 2570,
                "key": "sbg_selected_sidebar_replacement",
                "value": "0"
            },
            {
                "id": 32449,
                "key": "_vc_post_settings",
                "value": {
                    "vc_grid_id": []
                }
            },
            {
                "id": 32454,
                "key": "_vc_post_settings",
                "value": {
                    "vc_grid": [],
                    "vc_grid_id": []
                }
            },
            {
                "id": 32479,
                "key": "slide_template",
                "value": "default"
            },
            {
                "id": 32480,
                "key": "sbg_selected_sidebar_replacement",
                "value": "0"
            },
            {
                "id": 37721,
                "key": "_vc_post_settings",
                "value": {
                    "vc_grid_id": []
                }
            },
            {
                "id": 37726,
                "key": "_vc_post_settings",
                "value": {
                    "vc_grid": [],
                    "vc_grid_id": []
                }
            },
            {
                "id": 37751,
                "key": "slide_template",
                "value": "default"
            },
            {
                "id": 37752,
                "key": "sbg_selected_sidebar_replacement",
                "value": "0"
            }
        ],
        "better_featured_image": null,
        "_links": {
            "self": [
                {
                    "href": "https:\/\/mstore.io\/wp-json\/wc\/v2\/products\/182"
                }
            ],
            "collection": [
                {
                    "href": "https:\/\/mstore.io\/wp-json\/wc\/v2\/products"
                }
            ]
        }
    },
    {
        "id": 36,
        "name": "Customised Vintage Fit Ripped Jeans",
        "slug": "customised-vintage-fit-ripped-jeans",
        "permalink": "https:\/\/mstore.io\/product\/customised-vintage-fit-ripped-jeans\/",
        "date_created": "2015-08-01T01:09:00",
        "date_created_gmt": "2015-07-31T18:09:00",
        "date_modified": "2020-02-11T14:33:11",
        "date_modified_gmt": "2020-02-11T07:33:11",
        "type": "simple",
        "status": "publish",
        "featured": false,
        "catalog_visibility": "visible",
        "description": "<ul>\n<li>Non-stretch denim<\/li>\n<li>Button fly<\/li>\n<li>Classic five pocket styling<\/li>\n<li>Ripped detail<\/li>\n<li>Regular fit - true to size<\/li>\n<li>100% Cotton<\/li>\n<li>Machine wash<\/li>\n<li>100% Cotton<\/li>\n<li>Our model wears a UK 8\/EU 36\/US 4 and is\u00a0178 cm\/5'10\u201d\u00a0tall<\/li>\n<\/ul>\n",
        "short_description": "",
        "sku": "",
        "price": "95",
        "regular_price": "95",
        "sale_price": "",
        "date_on_sale_from": null,
        "date_on_sale_from_gmt": null,
        "date_on_sale_to": null,
        "date_on_sale_to_gmt": null,
        "price_html": "<span class=\"woocommerce-Price-amount amount\"><span class=\"woocommerce-Price-currencySymbol\">&#36;<\/span>95.00<\/span>",
        "on_sale": false,
        "purchasable": true,
        "total_sales": 13,
        "virtual": false,
        "downloadable": false,
        "downloads": [],
        "download_limit": -1,
        "download_expiry": -1,
        "external_url": "",
        "button_text": "",
        "tax_status": "taxable",
        "tax_class": "",
        "manage_stock": false,
        "stock_quantity": null,
        "in_stock": true,
        "backorders": "no",
        "backorders_allowed": false,
        "backordered": false,
        "sold_individually": false,
        "weight": "",
        "dimensions": {
            "length": "",
            "width": "",
            "height": ""
        },
        "shipping_required": true,
        "shipping_taxable": true,
        "shipping_class": "",
        "shipping_class_id": 0,
        "reviews_allowed": true,
        "average_rating": "4.00",
        "rating_count": 1,
        "related_ids": [],
        "upsell_ids": [],
        "cross_sell_ids": [],
        "parent_id": 0,
        "purchase_note": "",
        "categories": [],
        "tags": [],
        "images": [
            {
                "id": 9205,
                "date_created": "2015-08-01T01:07:49",
                "date_created_gmt": "2015-07-31T18:07:49",
                "date_modified": "2015-08-01T01:07:49",
                "date_modified_gmt": "2015-07-31T18:07:49",
                "src": "https:\/\/mstore.io\/wp-content\/uploads\/2015\/07\/image1xxl-5.jpg",
                "name": "image1xxl (5)",
                "alt": "",
                "position": 0
            },
            {
                "id": 38,
                "date_created": "2015-08-01T01:08:41",
                "date_created_gmt": "2015-07-31T18:08:41",
                "date_modified": "2015-08-01T01:08:41",
                "date_modified_gmt": "2015-07-31T18:08:41",
                "src": "https:\/\/mstore.io\/wp-content\/uploads\/2015\/07\/image2xxl-5.jpg",
                "name": "image2xxl (5)",
                "alt": "",
                "position": 1
            },
            {
                "id": 39,
                "date_created": "2016-06-11T17:28:18",
                "date_created_gmt": "2016-06-11T10:28:18",
                "date_modified": "2016-06-11T17:28:18",
                "date_modified_gmt": "2016-06-11T10:28:18",
                "src": "https:\/\/mstore.io\/wp-content\/uploads\/2016\/06\/ipad_big-1.png",
                "name": "ipad_big-1.png",
                "alt": "",
                "position": 2
            },
            {
                "id": 40,
                "date_created": "2015-08-01T01:08:46",
                "date_created_gmt": "2015-07-31T18:08:46",
                "date_modified": "2015-08-01T01:08:46",
                "date_modified_gmt": "2015-07-31T18:08:46",
                "src": "https:\/\/mstore.io\/wp-content\/uploads\/2015\/07\/image4xxl-4.jpg",
                "name": "image4xxl (4)",
                "alt": "",
                "position": 3
            }
        ],
        "attributes": [],
        "default_attributes": [],
        "variations": [],
        "grouped_products": [],
        "menu_order": 0,
        "meta_data": [
            {
                "id": 1413,
                "key": "_vc_post_settings",
                "value": {
                    "vc_grid_id": []
                }
            },
            {
                "id": 1418,
                "key": "_vc_post_settings",
                "value": {
                    "vc_grid": [],
                    "vc_grid_id": []
                }
            },
            {
                "id": 1442,
                "key": "slide_template",
                "value": "default"
            },
            {
                "id": 1444,
                "key": "sbg_selected_sidebar_replacement",
                "value": "0"
            },
            {
                "id": 31027,
                "key": "_vc_post_settings",
                "value": {
                    "vc_grid_id": []
                }
            },
            {
                "id": 31032,
                "key": "_vc_post_settings",
                "value": {
                    "vc_grid": [],
                    "vc_grid_id": []
                }
            },
            {
                "id": 31056,
                "key": "slide_template",
                "value": "default"
            },
            {
                "id": 31058,
                "key": "sbg_selected_sidebar_replacement",
                "value": "0"
            },
            {
                "id": 36301,
                "key": "_vc_post_settings",
                "value": {
                    "vc_grid_id": []
                }
            },
            {
                "id": 36306,
                "key": "_vc_post_settings",
                "value": {
                    "vc_grid": [],
                    "vc_grid_id": []
                }
            },
            {
                "id": 36330,
                "key": "slide_template",
                "value": "default"
            },
            {
                "id": 36332,
                "key": "sbg_selected_sidebar_replacement",
                "value": "0"
            },
            {
                "id": 168968,
                "key": "_wpml_media_duplicate",
                "value": "1"
            },
            {
                "id": 168969,
                "key": "_wpml_media_featured",
                "value": "1"
            }
        ],
        "better_featured_image": null,
        "_links": {
            "self": [
                {
                    "href": "https:\/\/mstore.io\/wp-json\/wc\/v2\/products\/36"
                }
            ],
            "collection": [
                {
                    "href": "https:\/\/mstore.io\/wp-json\/wc\/v2\/products"
                }
            ]
        }
    },
    {
        "id": 30,
        "name": "Rivington High Waist Denim Jeggings",
        "slug": "rivington-high-waist-denim-jeggings",
        "permalink": "https:\/\/mstore.io\/product\/rivington-high-waist-denim-jeggings\/",
        "date_created": "2015-08-01T01:06:48",
        "date_created_gmt": "2015-07-31T18:06:48",
        "date_modified": "2015-08-01T01:06:48",
        "date_modified_gmt": "2015-07-31T18:06:48",
        "type": "simple",
        "status": "publish",
        "featured": false,
        "catalog_visibility": "visible",
        "description": "<ul>\n<li>Smooth lightweight fabric<\/li>\n<li>High performing stretch denim<\/li>\n<li>Super high rise<\/li>\n<li>Super skinny fit down to the leg opening<\/li>\n<li>Machine wash<\/li>\n<li>61% Cotton, 37% Polyester, 2% Elastane<\/li>\n<li>Our model wears a UK 8\/EU 36\/US 4 and is\u00a0175cm\/5'9\u201d\u00a0tall<\/li>\n<\/ul>\n",
        "short_description": "",
        "sku": "",
        "price": "30",
        "regular_price": "30",
        "sale_price": "",
        "date_on_sale_from": null,
        "date_on_sale_from_gmt": null,
        "date_on_sale_to": null,
        "date_on_sale_to_gmt": null,
        "price_html": "<span class=\"woocommerce-Price-amount amount\"><span class=\"woocommerce-Price-currencySymbol\">&#36;<\/span>30.00<\/span>",
        "on_sale": false,
        "purchasable": true,
        "total_sales": 4,
        "virtual": false,
        "downloadable": false,
        "downloads": [],
        "download_limit": -1,
        "download_expiry": -1,
        "external_url": "",
        "button_text": "",
        "tax_status": "taxable",
        "tax_class": "",
        "manage_stock": false,
        "stock_quantity": null,
        "in_stock": true,
        "backorders": "no",
        "backorders_allowed": false,
        "backordered": false,
        "sold_individually": false,
        "weight": "",
        "dimensions": {
            "length": "",
            "width": "",
            "height": ""
        },
        "shipping_required": true,
        "shipping_taxable": true,
        "shipping_class": "",
        "shipping_class_id": 0,
        "reviews_allowed": true,
        "average_rating": "0.00",
        "rating_count": 0,
        "related_ids": [
            190,
            150,
            142,
            57,
            81
        ],
        "upsell_ids": [],
        "cross_sell_ids": [],
        "parent_id": 0,
        "purchase_note": "",
        "categories": [],
        "tags": [
            {
                "id": 13,
                "name": "ripped",
                "slug": "ripped"
            },
            {
                "id": 13,
                "name": "ripped",
                "slug": "ripped"
            },
            {
                "id": 13,
                "name": "ripped",
                "slug": "ripped"
            }
        ],
        "images": [
            {
                "id": 31,
                "date_created": "2015-08-01T01:05:58",
                "date_created_gmt": "2015-07-31T18:05:58",
                "date_modified": "2015-08-01T01:05:58",
                "date_modified_gmt": "2015-07-31T18:05:58",
                "src": "https:\/\/mstore.io\/wp-content\/uploads\/2015\/07\/image1xxl-4.jpg",
                "name": "image1xxl (4)",
                "alt": "",
                "position": 0
            },
            {
                "id": 32,
                "date_created": "2015-08-01T01:06:15",
                "date_created_gmt": "2015-07-31T18:06:15",
                "date_modified": "2015-08-01T01:06:15",
                "date_modified_gmt": "2015-07-31T18:06:15",
                "src": "https:\/\/mstore.io\/wp-content\/uploads\/2015\/07\/image2xxl-4.jpg",
                "name": "image2xxl (4)",
                "alt": "",
                "position": 1
            },
            {
                "id": 33,
                "date_created": "2015-08-01T01:06:17",
                "date_created_gmt": "2015-07-31T18:06:17",
                "date_modified": "2015-08-01T01:06:17",
                "date_modified_gmt": "2015-07-31T18:06:17",
                "src": "https:\/\/mstore.io\/wp-content\/uploads\/2015\/07\/image3xxl-3.jpg",
                "name": "image3xxl (3)",
                "alt": "",
                "position": 2
            }
        ],
        "attributes": [],
        "default_attributes": [],
        "variations": [],
        "grouped_products": [],
        "menu_order": 0,
        "meta_data": [
            {
                "id": 1381,
                "key": "_vc_post_settings",
                "value": {
                    "vc_grid_id": []
                }
            },
            {
                "id": 1386,
                "key": "_vc_post_settings",
                "value": {
                    "vc_grid": [],
                    "vc_grid_id": []
                }
            },
            {
                "id": 1410,
                "key": "slide_template",
                "value": "default"
            },
            {
                "id": 1412,
                "key": "sbg_selected_sidebar_replacement",
                "value": "0"
            },
            {
                "id": 30992,
                "key": "_vc_post_settings",
                "value": {
                    "vc_grid_id": []
                }
            },
            {
                "id": 30997,
                "key": "_vc_post_settings",
                "value": {
                    "vc_grid": [],
                    "vc_grid_id": []
                }
            },
            {
                "id": 31021,
                "key": "slide_template",
                "value": "default"
            },
            {
                "id": 31023,
                "key": "sbg_selected_sidebar_replacement",
                "value": "0"
            },
            {
                "id": 36266,
                "key": "_vc_post_settings",
                "value": {
                    "vc_grid_id": []
                }
            },
            {
                "id": 36271,
                "key": "_vc_post_settings",
                "value": {
                    "vc_grid": [],
                    "vc_grid_id": []
                }
            },
            {
                "id": 36295,
                "key": "slide_template",
                "value": "default"
            },
            {
                "id": 36297,
                "key": "sbg_selected_sidebar_replacement",
                "value": "0"
            },
            {
                "id": 168885,
                "key": "_wpml_media_duplicate",
                "value": "1"
            },
            {
                "id": 168886,
                "key": "_wpml_media_featured",
                "value": "1"
            }
        ],
        "better_featured_image": null,
        "_links": {
            "self": [
                {
                    "href": "https:\/\/mstore.io\/wp-json\/wc\/v2\/products\/30"
                }
            ],
            "collection": [
                {
                    "href": "https:\/\/mstore.io\/wp-json\/wc\/v2\/products"
                }
            ]
        }
    },
    {
        "id": 9233,
        "name": "Black with Thigh Rip and Busted Knees",
        "slug": "black-with-thigh-rip-and-busted-knees",
        "permalink": "https:\/\/mstore.io\/product\/black-with-thigh-rip-and-busted-knees\/",
        "date_created": "2015-08-01T01:04:18",
        "date_created_gmt": "2015-07-31T18:04:18",
        "date_modified": "2015-08-01T01:04:18",
        "date_modified_gmt": "2015-07-31T18:04:18",
        "type": "simple",
        "status": "publish",
        "featured": false,
        "catalog_visibility": "visible",
        "description": "<ul>\n<li>Made from super soft high-stretch denim<\/li>\n<li>Stretch added for comfort and fit<\/li>\n<li>High-waisted cut<\/li>\n<li>Ultra skinny fit through the leg<\/li>\n<li>Ripped detailing<\/li>\n<li>Contoured bottom lifting back pockets<\/li>\n<li>Button and concealed zip-fly fastening<\/li>\n<li>Skinny fit - cut closely to body<\/li>\n<li>Machine wash<\/li>\n<li>67% Cotton, 19% Polyester, 11% Viscose, 3% Elastane<\/li>\n<li>Our model wears a UK 8\/EU 36\/US 4 and is cm\/\" tall<\/li>\n<\/ul>\n",
        "short_description": "",
        "sku": "",
        "price": "35",
        "regular_price": "35",
        "sale_price": "",
        "date_on_sale_from": null,
        "date_on_sale_from_gmt": null,
        "date_on_sale_to": null,
        "date_on_sale_to_gmt": null,
        "price_html": "<span class=\"woocommerce-Price-amount amount\"><span class=\"woocommerce-Price-currencySymbol\">&#36;<\/span>35.00<\/span>",
        "on_sale": false,
        "purchasable": true,
        "total_sales": 9,
        "virtual": false,
        "downloadable": false,
        "downloads": [],
        "download_limit": -1,
        "download_expiry": -1,
        "external_url": "",
        "button_text": "",
        "tax_status": "taxable",
        "tax_class": "",
        "manage_stock": false,
        "stock_quantity": null,
        "in_stock": true,
        "backorders": "no",
        "backorders_allowed": false,
        "backordered": false,
        "sold_individually": false,
        "weight": "",
        "dimensions": {
            "length": "",
            "width": "",
            "height": ""
        },
        "shipping_required": true,
        "shipping_taxable": true,
        "shipping_class": "",
        "shipping_class_id": 0,
        "reviews_allowed": true,
        "average_rating": "0.00",
        "rating_count": 0,
        "related_ids": [],
        "upsell_ids": [],
        "cross_sell_ids": [],
        "parent_id": 0,
        "purchase_note": "",
        "categories": [],
        "tags": [],
        "images": [
            {
                "id": 9129,
                "date_created": "2015-08-01T01:03:30",
                "date_created_gmt": "2015-07-31T18:03:30",
                "date_modified": "2015-08-01T01:03:30",
                "date_modified_gmt": "2015-07-31T18:03:30",
                "src": "https:\/\/mstore.io\/wp-content\/uploads\/2015\/07\/image1xxl-3.jpg",
                "name": "image1xxl (3)",
                "alt": "",
                "position": 0
            },
            {
                "id": 27,
                "date_created": "2016-06-11T17:25:50",
                "date_created_gmt": "2016-06-11T10:25:50",
                "date_modified": "2016-06-11T17:25:50",
                "date_modified_gmt": "2016-06-11T10:25:50",
                "src": "https:\/\/mstore.io\/wp-content\/uploads\/2016\/06\/eraser1.png",
                "name": "eraser1.png",
                "alt": "",
                "position": 1
            },
            {
                "id": 28,
                "date_created": "2016-06-11T17:25:51",
                "date_created_gmt": "2016-06-11T10:25:51",
                "date_modified": "2016-06-11T17:25:51",
                "date_modified_gmt": "2016-06-11T10:25:51",
                "src": "https:\/\/mstore.io\/wp-content\/uploads\/2016\/06\/glasses.png",
                "name": "glasses.png",
                "alt": "",
                "position": 2
            },
            {
                "id": 29,
                "date_created": "2016-06-11T17:25:51",
                "date_created_gmt": "2016-06-11T10:25:51",
                "date_modified": "2016-06-11T17:25:51",
                "date_modified_gmt": "2016-06-11T10:25:51",
                "src": "https:\/\/mstore.io\/wp-content\/uploads\/2016\/06\/mouse.png",
                "name": "mouse.png",
                "alt": "",
                "position": 3
            }
        ],
        "attributes": [],
        "default_attributes": [],
        "variations": [],
        "grouped_products": [],
        "menu_order": 0,
        "meta_data": [
            {
                "id": 1349,
                "key": "_vc_post_settings",
                "value": {
                    "vc_grid_id": []
                }
            },
            {
                "id": 1354,
                "key": "_vc_post_settings",
                "value": {
                    "vc_grid": [],
                    "vc_grid_id": []
                }
            },
            {
                "id": 1378,
                "key": "slide_template",
                "value": "default"
            },
            {
                "id": 1380,
                "key": "sbg_selected_sidebar_replacement",
                "value": "0"
            },
            {
                "id": 31349,
                "key": "_vc_post_settings",
                "value": {
                    "vc_grid_id": []
                }
            },
            {
                "id": 31354,
                "key": "_vc_post_settings",
                "value": {
                    "vc_grid": [],
                    "vc_grid_id": []
                }
            },
            {
                "id": 31378,
                "key": "slide_template",
                "value": "default"
            },
            {
                "id": 31380,
                "key": "sbg_selected_sidebar_replacement",
                "value": "0"
            },
            {
                "id": 36622,
                "key": "_vc_post_settings",
                "value": {
                    "vc_grid_id": []
                }
            },
            {
                "id": 36627,
                "key": "_vc_post_settings",
                "value": {
                    "vc_grid": [],
                    "vc_grid_id": []
                }
            },
            {
                "id": 36651,
                "key": "slide_template",
                "value": "default"
            },
            {
                "id": 36653,
                "key": "sbg_selected_sidebar_replacement",
                "value": "0"
            }
        ],
        "better_featured_image": null,
        "_links": {
            "self": [
                {
                    "href": "https:\/\/mstore.io\/wp-json\/wc\/v2\/products\/9233"
                }
            ],
            "collection": [
                {
                    "href": "https:\/\/mstore.io\/wp-json\/wc\/v2\/products"
                }
            ]
        }
    },
    {
        "id": 9232,
        "name": "Zip Detail Tapered Jeans",
        "slug": "zip-detail-tapered-jeans",
        "permalink": "https:\/\/mstore.io\/product\/zip-detail-tapered-jeans\/",
        "date_created": "2015-08-01T00:58:42",
        "date_created_gmt": "2015-07-31T17:58:42",
        "date_modified": "2015-08-01T00:58:42",
        "date_modified_gmt": "2015-07-31T17:58:42",
        "type": "simple",
        "status": "publish",
        "featured": false,
        "catalog_visibility": "visible",
        "description": "<ul>\n<li>Non-stretch denim<\/li>\n<li>Button fly<\/li>\n<li>Four pocket styling<\/li>\n<li>Contrast stitching<\/li>\n<li>Zipped cuffs<\/li>\n<li>Tapered fit - cut loosely around the thigh and tapered from the knee to the ankle<\/li>\n<li>Machine wash<\/li>\n<li>100% Cotton<\/li>\n<li>Our model wears a UK 8\/EU 36\/US 4 and is 175cm\/5'9\" tall<\/li>\n<li>Colour may transfer during washing and wear<\/li>\n<\/ul>\n",
        "short_description": "",
        "sku": "",
        "price": "50",
        "regular_price": "50",
        "sale_price": "",
        "date_on_sale_from": null,
        "date_on_sale_from_gmt": null,
        "date_on_sale_to": null,
        "date_on_sale_to_gmt": null,
        "price_html": "<span class=\"woocommerce-Price-amount amount\"><span class=\"woocommerce-Price-currencySymbol\">&#36;<\/span>50.00<\/span>",
        "on_sale": false,
        "purchasable": true,
        "total_sales": 8,
        "virtual": false,
        "downloadable": false,
        "downloads": [],
        "download_limit": -1,
        "download_expiry": -1,
        "external_url": "",
        "button_text": "",
        "tax_status": "taxable",
        "tax_class": "",
        "manage_stock": false,
        "stock_quantity": null,
        "in_stock": true,
        "backorders": "no",
        "backorders_allowed": false,
        "backordered": false,
        "sold_individually": false,
        "weight": "",
        "dimensions": {
            "length": "",
            "width": "",
            "height": ""
        },
        "shipping_required": true,
        "shipping_taxable": true,
        "shipping_class": "",
        "shipping_class_id": 0,
        "reviews_allowed": true,
        "average_rating": "4.00",
        "rating_count": 1,
        "related_ids": [],
        "upsell_ids": [],
        "cross_sell_ids": [],
        "parent_id": 0,
        "purchase_note": "",
        "categories": [],
        "tags": [],
        "images": [
            {
                "id": 9120,
                "date_created": "2015-08-01T00:57:59",
                "date_created_gmt": "2015-07-31T17:57:59",
                "date_modified": "2015-08-01T00:57:59",
                "date_modified_gmt": "2015-07-31T17:57:59",
                "src": "https:\/\/mstore.io\/wp-content\/uploads\/2015\/07\/image1xxl-2.jpg",
                "name": "image1xxl (2)",
                "alt": "",
                "position": 0
            },
            {
                "id": 22,
                "date_created": "2015-08-01T00:44:36",
                "date_created_gmt": "2015-07-31T17:44:36",
                "date_modified": "2015-08-01T00:44:36",
                "date_modified_gmt": "2015-07-31T17:44:36",
                "src": "https:\/\/mstore.io\/wp-content\/uploads\/2015\/07\/image2xxl.jpg",
                "name": "image2xxl",
                "alt": "",
                "position": 1
            },
            {
                "id": 24,
                "date_created": "2015-08-01T00:44:38",
                "date_created_gmt": "2015-07-31T17:44:38",
                "date_modified": "2015-08-01T00:44:38",
                "date_modified_gmt": "2015-07-31T17:44:38",
                "src": "https:\/\/mstore.io\/wp-content\/uploads\/2015\/07\/image3xxl.jpg",
                "name": "image3xxl",
                "alt": "",
                "position": 3
            }
        ],
        "attributes": [],
        "default_attributes": [],
        "variations": [],
        "grouped_products": [],
        "menu_order": 0,
        "meta_data": [
            {
                "id": 1318,
                "key": "_vc_post_settings",
                "value": {
                    "vc_grid_id": []
                }
            },
            {
                "id": 1323,
                "key": "_vc_post_settings",
                "value": {
                    "vc_grid": [],
                    "vc_grid_id": []
                }
            },
            {
                "id": 1347,
                "key": "slide_template",
                "value": "default"
            },
            {
                "id": 1348,
                "key": "sbg_selected_sidebar_replacement",
                "value": "0"
            },
            {
                "id": 31315,
                "key": "_vc_post_settings",
                "value": {
                    "vc_grid_id": []
                }
            },
            {
                "id": 31320,
                "key": "_vc_post_settings",
                "value": {
                    "vc_grid": [],
                    "vc_grid_id": []
                }
            },
            {
                "id": 31344,
                "key": "slide_template",
                "value": "default"
            },
            {
                "id": 31345,
                "key": "sbg_selected_sidebar_replacement",
                "value": "0"
            },
            {
                "id": 36588,
                "key": "_vc_post_settings",
                "value": {
                    "vc_grid_id": []
                }
            },
            {
                "id": 36593,
                "key": "_vc_post_settings",
                "value": {
                    "vc_grid": [],
                    "vc_grid_id": []
                }
            },
            {
                "id": 36617,
                "key": "slide_template",
                "value": "default"
            },
            {
                "id": 36618,
                "key": "sbg_selected_sidebar_replacement",
                "value": "0"
            }
        ],
        "better_featured_image": null,
        "_links": {
            "self": [
                {
                    "href": "https:\/\/mstore.io\/wp-json\/wc\/v2\/products\/9232"
                }
            ],
            "collection": [
                {
                    "href": "https:\/\/mstore.io\/wp-json\/wc\/v2\/products"
                }
            ]
        }
    },
    {
        "id": 9231,
        "name": "Skinny Mid Rise Jeans",
        "slug": "skinny-mid-rise-jeans",
        "permalink": "https:\/\/mstore.io\/product\/skinny-mid-rise-jeans\/",
        "date_created": "2015-08-01T00:56:49",
        "date_created_gmt": "2015-07-31T17:56:49",
        "date_modified": "2015-08-01T00:56:49",
        "date_modified_gmt": "2015-07-31T17:56:49",
        "type": "simple",
        "status": "publish",
        "featured": false,
        "catalog_visibility": "visible",
        "description": "<ul>\n<li>Mid-weight power stretch denim<\/li>\n<li>Classic five pocket styling<\/li>\n<li>Streamlined fit to the leg opening<\/li>\n<li>Mid rise<\/li>\n<li>Zip fly<\/li>\n<li>Super skinny fit - cut closest to the body<\/li>\n<li>Machine wash<\/li>\n<li>98% Cotton, 2% Elastane<\/li>\n<li>Our model wears a UK 8\/EU 36\/US 4 and is 175cm\/5'9\" tall<\/li>\n<\/ul>\n",
        "short_description": "",
        "sku": "",
        "price": "32",
        "regular_price": "32",
        "sale_price": "",
        "date_on_sale_from": null,
        "date_on_sale_from_gmt": null,
        "date_on_sale_to": null,
        "date_on_sale_to_gmt": null,
        "price_html": "<span class=\"woocommerce-Price-amount amount\"><span class=\"woocommerce-Price-currencySymbol\">&#36;<\/span>32.00<\/span>",
        "on_sale": false,
        "purchasable": true,
        "total_sales": 5,
        "virtual": false,
        "downloadable": false,
        "downloads": [],
        "download_limit": -1,
        "download_expiry": -1,
        "external_url": "",
        "button_text": "",
        "tax_status": "taxable",
        "tax_class": "",
        "manage_stock": false,
        "stock_quantity": null,
        "in_stock": true,
        "backorders": "no",
        "backorders_allowed": false,
        "backordered": false,
        "sold_individually": false,
        "weight": "",
        "dimensions": {
            "length": "",
            "width": "",
            "height": ""
        },
        "shipping_required": true,
        "shipping_taxable": true,
        "shipping_class": "",
        "shipping_class_id": 0,
        "reviews_allowed": true,
        "average_rating": "4.00",
        "rating_count": 1,
        "related_ids": [],
        "upsell_ids": [],
        "cross_sell_ids": [],
        "parent_id": 0,
        "purchase_note": "",
        "categories": [],
        "tags": [],
        "images": [
            {
                "id": 9115,
                "date_created": "2015-08-01T00:56:27",
                "date_created_gmt": "2015-07-31T17:56:27",
                "date_modified": "2015-08-01T00:56:27",
                "date_modified_gmt": "2015-07-31T17:56:27",
                "src": "https:\/\/mstore.io\/wp-content\/uploads\/2015\/07\/image1xxl-1.jpg",
                "name": "image1xxl (1)",
                "alt": "",
                "position": 0
            }
        ],
        "attributes": [],
        "default_attributes": [],
        "variations": [],
        "grouped_products": [],
        "menu_order": 0,
        "meta_data": [
            {
                "id": 1287,
                "key": "_vc_post_settings",
                "value": {
                    "vc_grid_id": []
                }
            },
            {
                "id": 1292,
                "key": "_vc_post_settings",
                "value": {
                    "vc_grid": [],
                    "vc_grid_id": []
                }
            },
            {
                "id": 1316,
                "key": "slide_template",
                "value": "default"
            },
            {
                "id": 1317,
                "key": "sbg_selected_sidebar_replacement",
                "value": "0"
            },
            {
                "id": 31281,
                "key": "_vc_post_settings",
                "value": {
                    "vc_grid_id": []
                }
            },
            {
                "id": 31286,
                "key": "_vc_post_settings",
                "value": {
                    "vc_grid": [],
                    "vc_grid_id": []
                }
            },
            {
                "id": 31310,
                "key": "slide_template",
                "value": "default"
            },
            {
                "id": 31311,
                "key": "sbg_selected_sidebar_replacement",
                "value": "0"
            },
            {
                "id": 36554,
                "key": "_vc_post_settings",
                "value": {
                    "vc_grid_id": []
                }
            },
            {
                "id": 36559,
                "key": "_vc_post_settings",
                "value": {
                    "vc_grid": [],
                    "vc_grid_id": []
                }
            },
            {
                "id": 36583,
                "key": "slide_template",
                "value": "default"
            },
            {
                "id": 36584,
                "key": "sbg_selected_sidebar_replacement",
                "value": "0"
            }
        ],
        "better_featured_image": null,
        "_links": {
            "self": [
                {
                    "href": "https:\/\/mstore.io\/wp-json\/wc\/v2\/products\/9231"
                }
            ],
            "collection": [
                {
                    "href": "https:\/\/mstore.io\/wp-json\/wc\/v2\/products"
                }
            ]
        }
    },
    {
        "id": 10630,
        "name": "Flared 70'S Jean",
        "slug": "flared-70s-jean-2",
        "permalink": "https:\/\/mstore.io\/product\/flared-70s-jean-2\/",
        "date_created": "2015-08-01T00:48:33",
        "date_created_gmt": "2015-07-31T17:48:33",
        "date_modified": "2015-08-01T00:48:33",
        "date_modified_gmt": "2015-07-31T17:48:33",
        "type": "simple",
        "status": "publish",
        "featured": false,
        "catalog_visibility": "visible",
        "description": "<ul>\n<li>Stretch denim<\/li>\n<li>Concealed zip fly<\/li>\n<li>Classic five pocket styling<\/li>\n<li>Flared fit - cut with a straight leg that flares at the ankle<\/li>\n<li>Machine wash<\/li>\n<li>86% Cotton, 12% Polyester, 2% Elastane<\/li>\n<li>Our model wears a UK 8\/EU 34\/US XS and is\u00a0175cm\/5'9\u201d tall<\/li>\n<\/ul>\n",
        "short_description": "",
        "sku": "",
        "price": "40",
        "regular_price": "",
        "sale_price": "",
        "date_on_sale_from": null,
        "date_on_sale_from_gmt": null,
        "date_on_sale_to": null,
        "date_on_sale_to_gmt": null,
        "price_html": "<span class=\"woocommerce-Price-amount amount\"><span class=\"woocommerce-Price-currencySymbol\">&#36;<\/span>40.00<\/span>",
        "on_sale": false,
        "purchasable": true,
        "total_sales": 0,
        "virtual": false,
        "downloadable": false,
        "downloads": [],
        "download_limit": -1,
        "download_expiry": -1,
        "external_url": "",
        "button_text": "",
        "tax_status": "taxable",
        "tax_class": "",
        "manage_stock": false,
        "stock_quantity": null,
        "in_stock": true,
        "backorders": "no",
        "backorders_allowed": false,
        "backordered": false,
        "sold_individually": false,
        "weight": "",
        "dimensions": {
            "length": "",
            "width": "",
            "height": ""
        },
        "shipping_required": true,
        "shipping_taxable": true,
        "shipping_class": "",
        "shipping_class_id": 0,
        "reviews_allowed": true,
        "average_rating": "0.00",
        "rating_count": 0,
        "related_ids": [],
        "upsell_ids": [],
        "cross_sell_ids": [],
        "parent_id": 0,
        "purchase_note": "",
        "categories": [],
        "tags": [],
        "images": [
            {
                "id": 20,
                "date_created": "2015-08-01T00:44:26",
                "date_created_gmt": "2015-07-31T17:44:26",
                "date_modified": "2015-08-01T00:44:26",
                "date_modified_gmt": "2015-07-31T17:44:26",
                "src": "https:\/\/mstore.io\/wp-content\/uploads\/2015\/07\/image1xxl.jpg",
                "name": "image1xxl",
                "alt": "",
                "position": 0
            }
        ],
        "attributes": [
            {
                "id": 1,
                "name": "size",
                "position": 0,
                "visible": false,
                "variation": true,
                "options": [
                    "L",
                    "M",
                    "S",
                    "XL"
                ]
            }
        ],
        "default_attributes": [],
        "variations": [],
        "grouped_products": [],
        "menu_order": 0,
        "meta_data": [
            {
                "id": 31233,
                "key": "_vc_post_settings",
                "value": {
                    "vc_grid_id": []
                }
            },
            {
                "id": 31234,
                "key": "_vc_post_settings",
                "value": {
                    "vc_grid_id": []
                }
            },
            {
                "id": 31239,
                "key": "_vc_post_settings",
                "value": {
                    "vc_grid": [],
                    "vc_grid_id": []
                }
            },
            {
                "id": 31263,
                "key": "slide_template",
                "value": "default"
            },
            {
                "id": 31264,
                "key": "_min_variation_price",
                "value": "40"
            },
            {
                "id": 31265,
                "key": "_max_variation_price",
                "value": "40"
            },
            {
                "id": 31266,
                "key": "_min_price_variation_id",
                "value": "15"
            },
            {
                "id": 31267,
                "key": "_max_price_variation_id",
                "value": "15"
            },
            {
                "id": 31268,
                "key": "_min_variation_regular_price",
                "value": "40"
            },
            {
                "id": 31269,
                "key": "_max_variation_regular_price",
                "value": "40"
            },
            {
                "id": 31270,
                "key": "_min_regular_price_variation_id",
                "value": "15"
            },
            {
                "id": 31271,
                "key": "_max_regular_price_variation_id",
                "value": "15"
            },
            {
                "id": 31272,
                "key": "_min_variation_sale_price",
                "value": ""
            },
            {
                "id": 31273,
                "key": "_max_variation_sale_price",
                "value": ""
            },
            {
                "id": 31274,
                "key": "_min_sale_price_variation_id",
                "value": ""
            },
            {
                "id": 31275,
                "key": "_max_sale_price_variation_id",
                "value": ""
            },
            {
                "id": 31277,
                "key": "sbg_selected_sidebar_replacement",
                "value": "0"
            },
            {
                "id": 36507,
                "key": "_vc_post_settings",
                "value": {
                    "vc_grid_id": []
                }
            },
            {
                "id": 36512,
                "key": "_vc_post_settings",
                "value": {
                    "vc_grid": [],
                    "vc_grid_id": []
                }
            },
            {
                "id": 36536,
                "key": "slide_template",
                "value": "default"
            },
            {
                "id": 36537,
                "key": "_min_variation_price",
                "value": "40"
            },
            {
                "id": 36538,
                "key": "_max_variation_price",
                "value": "40"
            },
            {
                "id": 36539,
                "key": "_min_price_variation_id",
                "value": "15"
            },
            {
                "id": 36540,
                "key": "_max_price_variation_id",
                "value": "15"
            },
            {
                "id": 36541,
                "key": "_min_variation_regular_price",
                "value": "40"
            },
            {
                "id": 36542,
                "key": "_max_variation_regular_price",
                "value": "40"
            },
            {
                "id": 36543,
                "key": "_min_regular_price_variation_id",
                "value": "15"
            },
            {
                "id": 36544,
                "key": "_max_regular_price_variation_id",
                "value": "15"
            },
            {
                "id": 36545,
                "key": "_min_variation_sale_price",
                "value": ""
            },
            {
                "id": 36546,
                "key": "_max_variation_sale_price",
                "value": ""
            },
            {
                "id": 36547,
                "key": "_min_sale_price_variation_id",
                "value": ""
            },
            {
                "id": 36548,
                "key": "_max_sale_price_variation_id",
                "value": ""
            },
            {
                "id": 36550,
                "key": "sbg_selected_sidebar_replacement",
                "value": "0"
            }
        ],
        "better_featured_image": null,
        "_links": {
            "self": [
                {
                    "href": "https:\/\/mstore.io\/wp-json\/wc\/v2\/products\/10630"
                }
            ],
            "collection": [
                {
                    "href": "https:\/\/mstore.io\/wp-json\/wc\/v2\/products"
                }
            ]
        }
    },
    {
        "id": 9230,
        "name": "Flared 70&#039;S Jean",
        "slug": "flared-70s-jean",
        "permalink": "https:\/\/mstore.io\/product\/flared-70s-jean\/",
        "date_created": "2015-08-01T00:48:33",
        "date_created_gmt": "2015-07-31T17:48:33",
        "date_modified": "2015-08-01T00:48:33",
        "date_modified_gmt": "2015-07-31T17:48:33",
        "type": "variable",
        "status": "publish",
        "featured": false,
        "catalog_visibility": "visible",
        "description": "<ul>\n<li>Stretch denim<\/li>\n<li>Concealed zip fly<\/li>\n<li>Classic five pocket styling<\/li>\n<li>Flared fit - cut with a straight leg that flares at the ankle<\/li>\n<li>Machine wash<\/li>\n<li>86% Cotton, 12% Polyester, 2% Elastane<\/li>\n<li>Our model wears a UK 8\/EU 34\/US XS and is\u00a0175cm\/5'9\u201d tall<\/li>\n<\/ul>\n",
        "short_description": "",
        "sku": "",
        "price": "40",
        "regular_price": "",
        "sale_price": "",
        "date_on_sale_from": null,
        "date_on_sale_from_gmt": null,
        "date_on_sale_to": null,
        "date_on_sale_to_gmt": null,
        "price_html": "<span class=\"woocommerce-Price-amount amount\"><span class=\"woocommerce-Price-currencySymbol\">&#36;<\/span>40.00<\/span>",
        "on_sale": false,
        "purchasable": true,
        "total_sales": 11,
        "virtual": false,
        "downloadable": false,
        "downloads": [],
        "download_limit": -1,
        "download_expiry": -1,
        "external_url": "",
        "button_text": "",
        "tax_status": "taxable",
        "tax_class": "",
        "manage_stock": false,
        "stock_quantity": null,
        "in_stock": true,
        "backorders": "no",
        "backorders_allowed": false,
        "backordered": false,
        "sold_individually": false,
        "weight": "",
        "dimensions": {
            "length": "",
            "width": "",
            "height": ""
        },
        "shipping_required": true,
        "shipping_taxable": true,
        "shipping_class": "",
        "shipping_class_id": 0,
        "reviews_allowed": true,
        "average_rating": "0.00",
        "rating_count": 0,
        "related_ids": [
            36,
            150,
            178,
            174,
            134
        ],
        "upsell_ids": [],
        "cross_sell_ids": [],
        "parent_id": 0,
        "purchase_note": "",
        "categories": [],
        "tags": [],
        "images": [
            {
                "id": 20,
                "date_created": "2015-08-01T00:44:26",
                "date_created_gmt": "2015-07-31T17:44:26",
                "date_modified": "2015-08-01T00:44:26",
                "date_modified_gmt": "2015-07-31T17:44:26",
                "src": "https:\/\/mstore.io\/wp-content\/uploads\/2015\/07\/image1xxl.jpg",
                "name": "image1xxl",
                "alt": "",
                "position": 0
            }
        ],
        "attributes": [
            {
                "id": 1,
                "name": "size",
                "position": 0,
                "visible": false,
                "variation": true,
                "options": [
                    "L",
                    "M",
                    "S",
                    "XL"
                ]
            }
        ],
        "default_attributes": [],
        "variations": [
            9240,
            9241,
            9242,
            9243
        ],
        "grouped_products": [],
        "menu_order": 0,
        "meta_data": [
            {
                "id": 1243,
                "key": "_vc_post_settings",
                "value": {
                    "vc_grid_id": []
                }
            },
            {
                "id": 1248,
                "key": "_vc_post_settings",
                "value": {
                    "vc_grid": [],
                    "vc_grid_id": []
                }
            },
            {
                "id": 1272,
                "key": "slide_template",
                "value": "default"
            },
            {
                "id": 1273,
                "key": "_min_variation_price",
                "value": "40"
            },
            {
                "id": 1274,
                "key": "_max_variation_price",
                "value": "40"
            },
            {
                "id": 1275,
                "key": "_min_price_variation_id",
                "value": "15"
            },
            {
                "id": 1276,
                "key": "_max_price_variation_id",
                "value": "15"
            },
            {
                "id": 1277,
                "key": "_min_variation_regular_price",
                "value": "40"
            },
            {
                "id": 1278,
                "key": "_max_variation_regular_price",
                "value": "40"
            },
            {
                "id": 1279,
                "key": "_min_regular_price_variation_id",
                "value": "15"
            },
            {
                "id": 1280,
                "key": "_max_regular_price_variation_id",
                "value": "15"
            },
            {
                "id": 1281,
                "key": "_min_variation_sale_price",
                "value": ""
            },
            {
                "id": 1282,
                "key": "_max_variation_sale_price",
                "value": ""
            },
            {
                "id": 1283,
                "key": "_min_sale_price_variation_id",
                "value": ""
            },
            {
                "id": 1284,
                "key": "_max_sale_price_variation_id",
                "value": ""
            },
            {
                "id": 1286,
                "key": "sbg_selected_sidebar_replacement",
                "value": "0"
            },
            {
                "id": 262792,
                "key": "_wc_min_points_earned",
                "value": ""
            }
        ],
        "better_featured_image": null,
        "_links": {
            "self": [
                {
                    "href": "https:\/\/mstore.io\/wp-json\/wc\/v2\/products\/9230"
                }
            ],
            "collection": [
                {
                    "href": "https:\/\/mstore.io\/wp-json\/wc\/v2\/products"
                }
            ]
        }
    }
]