{
    "HorizonLayout": [
        {
            "layout": "logo"
        },
        {
            "layout": "bannerImage",
            "isSlider": true,
            "items": [
                {
                    "product": 9237,
                    "image": "https://user-images.githubusercontent.com/1459805/59846818-12672e80-938b-11e9-8184-5f7bfe66f1a2.png",
                    "padding": 15.0
                },
                {
                    "category": 20,
                    "image": "https://user-images.githubusercontent.com/1459805/60091575-1f12ca80-976f-11e9-962c-bdccff60d143.png",
                    "padding": 15.0
                },
                {
                    "category": 18,
                    "image": "https://user-images.githubusercontent.com/1459805/60091808-a19b8a00-976f-11e9-9cc7-576ca05c2442.png",
                    "padding": 15.0
                }
            ]
        },
        {
            "layout": "bannerImage",
            "items": [
                {
                    "category": 25,
                    "image": "https://user-images.githubusercontent.com/1459805/59846820-12672e80-938b-11e9-8fa6-b331b7db331d.png",
                    "padding": 5.0
                }
            ]
        },
        {
            "layout": "bannerImage",
            "items": [
                {
                    "category": 57,
                    "image": "https://user-images.githubusercontent.com/1459805/59846823-12ffc500-938b-11e9-8d93-65ead3d6b1dd.png",
                    "padding": 5.0
                },
                {
                    "category": 24,
                    "image": "https://user-images.githubusercontent.com/1459805/59846824-12ffc500-938b-11e9-8d5a-fc42cb1b7658.png",
                    "padding": 5.0
                }
            ]
        },
        {
            "name": "Bộ sưu tập cho phụ nữ",
            "image": "",
            "layout": "threeColumn",
            "category": 20
        },
        {
            "name": "Bộ sưu tập cho đàn ông",
            "image": "",
            "layout": "twoColumn",
            "category": 18
        },
        {
            "name": "Blog của chúng tôi",
            "layout": "blog"
        }
    ],
    "VerticalLayout": {
        "layout": "pinterest",
        "name": "Bộ sưu tập gần ",
        "image": ""
    },
    "Setting": {
        "MainColor": "#3FC1BE",
        "ProductListLayout": "list"
    },
    "TabBar": [
        {
            "layout": "home",
            "icon": "assets/icons/tabs/icon-home.png"
        },
        {
            "layout": "category",
            "categoryLayout": "card",
            "icon": "assets/icons/tabs/icon-category.png"
        },
        {
            "layout": "search",
            "icon": "assets/icons/tabs/icon-search.png"
        },
        {
            "layout": "cart",
            "icon": "assets/icons/tabs/icon-cart2.png"
        },
        {
            "layout": "profile",
            "icon": "assets/icons/tabs/icon-user.png"
        }
    ]
}