{
    "HorizonLayout": [
        {
            "layout": "logo"
        },
        {
            "layout": "bannerImage",
            "isSlider": true,
            "items": [
                {
                    "product": 9237,
                    "image": "https://user-images.githubusercontent.com/1459805/59846818-12672e80-938b-11e9-8184-5f7bfe66f1a2.png",
                    "padding": 15.0
                },
                {
                    "category": 20,
                    "image": "https://user-images.githubusercontent.com/1459805/60091575-1f12ca80-976f-11e9-962c-bdccff60d143.png",
                    "padding": 15.0
                },
                {
                    "category": 18,
                    "image": "https://user-images.githubusercontent.com/1459805/60091808-a19b8a00-976f-11e9-9cc7-576ca05c2442.png",
                    "padding": 15.0
                }
            ]
        },
        {
            "layout": "bannerImage",
            "items": [
                {
                    "category": 25,
                    "image": "https://user-images.githubusercontent.com/1459805/59846820-12672e80-938b-11e9-8fa6-b331b7db331d.png",
                    "padding": 5.0
                }
            ]
        },
        {
            "layout": "bannerImage",
            "items": [
                {
                    "category": 57,
                    "image": "https://user-images.githubusercontent.com/1459805/59846823-12ffc500-938b-11e9-8d93-65ead3d6b1dd.png",
                    "padding": 5.0
                },
                {
                    "category": 24,
                    "image": "https://user-images.githubusercontent.com/1459805/59846824-12ffc500-938b-11e9-8d5a-fc42cb1b7658.png",
                    "padding": 5.0
                }
            ]
        },
        {
            "name": "مجموعات المرأة",
            "image": "",
            "layout": "threeColumn",
            "category": 20
        },
        {
            "name": "مجموعات الرجل",
            "image": "",
            "layout": "twoColumn",
            "category": 18
        },
        {
            "name": "بلوق وظائف",
            "layout": "blog"
        }
    ],
    "VerticalLayout": {
        "layout": "pinterest",
        "name": "مجموعات الرجل",
        "image": ""
    },
    "Setting": {
        "MainColor": "#3FC1BE",
        "ProductListLayout": "list",
        "StickyHeader": false
    },
    "TabBar": [{
        "layout": "home",
        "icon": "assets/icons/tabs/icon-home.png"
    },
        {
            "layout": "category",
            "categoryLayout": "card",
            "icon": "assets/icons/tabs/icon-category.png"
        },
        {
            "layout": "search",
            "icon": "assets/icons/tabs/icon-search.png"
        },
        {
            "layout": "cart",
            "icon": "assets/icons/tabs/icon-cart2.png"
        },
        {
            "layout": "profile",
            "icon": "assets/icons/tabs/icon-user.png"
        }
    ],
    "searchSuggestion": [
        "man",
        "dress",
        "Stitch",
        "ma"
    ],
    "OnBoarding": {
        "data": [
            {
                "title": "Welcome to FluxStore",
                "image": "assets/images/fogg-delivery-1.png",
                "desc": "Fluxstore is on the way to serve you. ",
                "background": "#FFF3F2"
            },
            {
                "title": "Connect Surrounding World",
                "image": "assets/images/fogg-uploading-1.png",
                "desc": "See all things happening around you just by a click in your phone. Fast, convenient and clean.",
                "background": "#F2FFFC"
            },
            {
                "title": "Let's Get Started",
                "image": "fogg-order-completed.png",
                "desc": "Waiting no more, let's see what we get!",
                "background": "#F9F2FF"
            }
        ]
    }
}