{
  "HorizonLayout": [
    {
      "layout": "logo",
      "showMenu": true
    },
    {
      "layout": "header_text",
      "fontSize": 22.0,
      "title": "Our Biggest Hits"
    },
    {
      "layout": "category",
      "type": "icon",
      "wrap": true,
      "size": 1.2,
      "radius": 50.0,
      "background": "#FFFFFF",
      "columns": 4,
      "shadow": 0.0,
      "padding": 10.0,

      "items": [
        {
          "category": 23,
          "image": "assets/icons/categories/ic_home.png",
          "colors": [
            "#12B58C",
            "#12B58C"
          ]
        },
        {
          "category": 25,
          "image": "assets/icons/categories/ic_picture.png",
          "colors": [
            "#53A2CC",
            "#53A2CC"
          ]
        },
        {
          "category": 26,
          "image": "assets/icons/categories/ic_glasses.png",
          "colors": [
            "#53688A",
            "#53688A"
          ]
        },
        {
          "category": 27,
          "image": "assets/icons/categories/ic_couch.png",
          "colors": [
            "#43506A",
            "#43506A"
          ]
        },
        {
          "category": 28,
          "image": "assets/icons/categories/ic_flower.png",
          "colors": [
            "#53A2CC",
            "#53A2CC"
          ]
        },
        {
          "category": 29,
          "image": "assets/icons/categories/ic_ballon.png",
          "colors": [
            "#53688A",
            "#53688A"
          ]
        },
        {
          "category": 30,
          "image": "assets/icons/categories/ic_broom.png",
          "colors": [
            "#53A2CC",
            "#53A2CC"
          ]
        },
        {
          "category": 18,
          "image": "assets/icons/categories/ic_clock.png",
          "colors": [
            "#53A2CC",
            "#53A2CC"
          ]
        }
      ]
    },

    {
      "name": "New Collections",
      "layout": "staggered",
      "limit": 20,
      "category": 29
    }
  ],
  "Setting": {
    "MainColor": "#3FC1BE",
    "ProductListLayout": "list"
  },
  "TabBar": [
    {
      "layout": "home",
      "icon": "assets/icons/tabs/icon-home.png"
    },
    {
      "layout": "category",
      "categoryLayout": "card",
      "icon": "assets/icons/tabs/icon-category.png"
    },
    {
      "layout": "search",
      "icon": "assets/icons/tabs/icon-search.png"
    },
    {
      "layout": "cart",
      "icon": "assets/icons/tabs/icon-cart2.png"
    },
    {
      "layout": "profile",
      "icon": "assets/icons/tabs/icon-user.png"
    }
  ]
}
