{
  "HorizonLayout": [
    {
      "layout": "bannerImage",
      "isSlider": true,
      "showBackground": true,
      "isBlur": true,
      "padding": 20.0,
      "radius": 20.0,

      "title": "Fluxstore Collections",
      "fontSize": 26.0,
      "isSafeArea": true,
      "showSearch": true,

      "items": [
        {
          "category": 25,
          "image": "https://user-images.githubusercontent.com/1459805/62834035-2899b880-bc71-11e9-9ed8-4ce1790e0460.jpg"
        },
        {
          "category": 23,
          "image": "https://user-images.githubusercontent.com/1459805/62834034-2899b880-bc71-11e9-956b-64e6d0c35d46.jpg"
        },
        {
          "category": 26,
          "image": "https://user-images.githubusercontent.com/1459805/62834036-29324f00-bc71-11e9-9262-af0b8ceeba87.jpg"
        }
      ]
    }
  ],

  "VerticalLayout": {
    "layout": "pinterest",
    "name": "Recent Collections"
  },
  "Setting": {
    "MainColor": "#3FC1BE",
    "ProductListLayout": "list"
  },
  "TabBar": [
    {
      "layout": "home",
      "icon": "assets/icons/tabs/icon-home.png"
    },
    {
      "layout": "category",
      "categoryLayout": "card",
      "icon": "assets/icons/tabs/icon-category.png"
    },
    {
      "layout": "search",
      "icon": "assets/icons/tabs/icon-search.png"
    },
    {
      "layout": "cart",
      "icon": "assets/icons/tabs/icon-cart2.png"
    },
    {
      "layout": "profile",
      "icon": "assets/icons/tabs/icon-user.png"
    }
  ]
}
