{
  "Background": {
    "height": 0.5,
    "type": "wave"
  },
  "HorizonLayout": [
    {
      "layout": "logo",
      "showMenu": true
    },
    {
      "layout": "header_text",
      "fontSize": 23.0,
      "height": 0.13,
      "showSearch": true,
      "padding": 30.0,
      "rotate": [
        "WooCommerce",
        "Magento",
        "Opencart"
      ],
      "type": "typer"
    },
    {
      "layout": "category",
      "type": "icon",
      "wrap": true,
      "size": 1.2,
      "radius": 9.0,
      "background": "#FFFFFF",
      "columns": 3,
      "shadow": 0.0,
      "padding": 0.0,
      "items": [
        {
          "category": 24,
          "image": "assets/icons/categories/i_package.png",
          "colors": [
            "#3CC2BF",
            "#3CC2BF"
          ]
        },
        {
          "category": 25,
          "image": "assets/icons/categories/i_shopping.png",
          "colors": [
            "#2288E5",
            "#2288E5"
          ]
        },
        {
          "category": 26,
          "image": "assets/icons/categories/i_snow.png",
          "colors": [
            "#0090D0",
            "#0090D0"
          ]
        },
        {
          "category": 27,
          "image": "assets/icons/categories/i_truck.png",
          "colors": [
            "#0092D6",
            "#0092D6"
          ]
        },
        {
          "category": 28,
          "image": "assets/icons/categories/i-air.png",
          "colors": [
            "#3B2E6B",
            "#3B2E6B"
          ]
        },
        {
          "category": 29,
          "image": "assets/icons/categories/i_instagram.png",
          "colors": [
            "#0067B8",
            "#0067B8"
          ]
        }
      ]
    },
    {
      "name": "Man Collections",
      "image": "",
      "layout": "threeColumn",
      "category": 30,
      "isSnapping": true
    }
  ],
  "Setting": {
    "MainColor": "#3FC1BE",
    "ProductListLayout": "list"
  },
  "TabBar": [
    {
      "layout": "home",
      "icon": "assets/icons/tabs/icon-home.png"
    },
    {
      "layout": "category",
      "categoryLayout": "card",
      "icon": "assets/icons/tabs/icon-category.png"
    },
    {
      "layout": "search",
      "icon": "assets/icons/tabs/icon-search.png"
    },
    {
      "layout": "cart",
      "icon": "assets/icons/tabs/icon-cart2.png"
    },
    {
      "layout": "profile",
      "icon": "assets/icons/tabs/icon-user.png"
    }
  ]
}
